GeneName	EarlyExp	EstExp	LateExp	minEarly_gb	maxEarly_gb	meanEarly_gb	minEst_gb	maxEst_gb	meanEst_gb	minLate_gb	maxLate_gb	meanLate_gb	minEarly_prom	maxEarly_prom	meanEarly_prom	minEst_prom	maxEst_prom	meanEst_prom	minLate_prom	maxLate_prom	meanLate_prom	Strand	NoClExp	Cluster(exp)	Color	EarlyP-val	EstP-val	LateP-val
Ampd3	1.3263	1.0075	1.8468	0	0	0	0	0	0	0	0	0	0.402439	0.5	0.4563686667	0.297297	0.448529	0.3597196667	0.272727	0.528	0.372172	+	15	AllMildUp	SeaBlue	0.00005	0.00005	0.00005
Pcp4l1	-3.0176	-2.4634	-1.9222	0.5	0.634731	0.5819473333	0	0.37963	0.2166333333	0.515152	1	0.676768	0.611111	0.611111	0.611111	0.27027	0.27027	0.27027	0.515152	0.515152	0.515152	-	4	AllVLow	Yellow	0.00005	0.00005	0.00005
Sfrp1	-1.7891	-1.2303	-0.7062	0.551724	0.617391	0.5845575	0.555556	0.576923	0.5662395	0.518797	0.533333	0.526065	0.438776	0.551724	0.49525	0.417722	0.576923	0.4973225	0.533333	0.7	0.6166665	+	6	AllLow	VeryLightGreen	0.00005	0.00005	0.0015
Ncf4	-0.179	0.7519	2.0677	0	0	0	0	0	0	0	0	0	0	0	0	0	0	0	0	0	0	+	10	EarlyNEstNLateUp	Petrol	0.72995	0.01595	0.00045
Nfkbia	1.7512	1.4883	2.1094	0.25	0.256684	0.253342	0.156627	0.6	0.3783135	0.1625	1	0.58125	0.25	0.333333	0.2916665	0.486111	0.6	0.5430555	0.454545	1	0.7272725	-	15	AllMildUp	SeaBlue	0.00005	0.00005	0.00005
Gbp10	2.982	-0.4845	2.2783	0	0	0	0	0	0	0	0	0	0	0	0	0	0	0	0	0	0	-	19	EarlyVUpEstLowLateUp	DarkPink	0.373	1	0.00255
Ccno	-1.5334	-1.6978	-0.9866	0	0.661972	0.436899625	0.117647	0.6	0.370421125	0.3	0.692308	0.47799875	0.3	0.560811	0.4549905	0.307692	0.5	0.39051575	0.436364	0.692308	0.57917675	+	4	AllVLow	Yellow	0.0015	0.0005	0.01955
Cgnl1	1.3998	2.012	1.3789	0.698413	0.714286	0.7063495	0	0.690909	0.3454545	0.447761	0.5	0.4738805	0.474531	0.714286	0.5944085	0	0.481481	0.2407405	0.5	0.56391	0.531955	-	15	AllMildUp	SeaBlue	0.00005	0.00005	0.00005
Ccl7	1.3379	0.998	1.604	0	0	0	0	0	0	0	0	0	0	0	0	0	0	0	0	0	0	+	15	AllMildUp	SeaBlue	0.00005	0.00005	0.00005
Gdf6	0.7171	1.6488	0.6661	0.508547	0.659574	0.5788456	0.243243	0.6	0.3979508	0.376623	0.433735	0.4030228	0.518286	0.637681	0.5779835	0.49694	0.6	0.54847	0.423077	0.498371	0.460724	+	12	EarlyNEstUpLateN	LightBlue	0.0177	0.00005	0.0114
Slc11a1	0.9011	2.0766	2.2783	0	0	0	0	0	0	0	0	0	0	0	0	0	0	0	0	0	0	+	15	AllMildUp	SeaBlue	0.0816	0.00005	0.0002
Rarres2	0.775	1.7835	1.3388	0.2	0.509231	0.3546155	0.379747	1	0.6898735	0.5	0.574163	0.5370815	0	0	0	0	0	0	0	0	0	-	12	EarlyNEstUpLateN	LightBlue	0.25875	0.00065	0.0004
Ptpro	0.8065	1.2773	1.7902	0.25	0.571717	0.4318003333	0.285714	0.4925	0.3844046667	0.333333	0.540541	0.4710363333	0	0	0	0	0	0	0	0	0	+	15	AllMildUp	SeaBlue	1	0.0016	0.0031
Serpina3i	1.9007	0.3015	2.393	0	0	0	0	0	0	0	0	0	0	0	0	0	0	0	0	0	0	+	15	AllMildUp	SeaBlue	0.0045	0.35415	0.00005
Serpina3n	-0.5987	-1.2561	1.5164	0	0	0	0	0	0	0	0	0	0	0	0	0	0	0	0	0	0	+	8	EarlyLowEstVLowLateLow	LightGreenUp	0.0682	0.00005	0.00005
Dlx3	-1.8491	-1.1567	-1.0218	0.368421	0.491429	0.445165	0.344538	0.440986	0.4007303333	0.408163	0.53211	0.482029	0.368421	0.572289	0.4999658	0.344538	0.416667	0.3763366	0.408163	0.622951	0.5153932	+	6	AllLow	VeryLightGreen	0.00055	0.0065	0.0034
Sp7	-3.8348	-3.8423	-2.2941	0.404215	0.547194	0.49169425	0.411565	0.420819	0.41781875	0.502113	0.539841	0.51874525	0	0	0	0	0	0	0	0	0	-	3	EarlyVLowEstVLowLateLow	Orange	0.00005	0.00005	0.00005
BB123696	-1.8107	-3.1033	0.3357	0	0	0	0	0	0	0	0	0	0	0	0	0	0	0	0	0	0	-	3	EarlyVLowEstVLowLateLow	Orange	1	0.00005	0.5437
Rgs20	1.0968	2.2384	-0.6804	0.413793	0.56	0.494968	0.491228	0.777778	0.627303	0.3125	0.446154	0.383837	0	0	0	0	0	0	0	0	0	-	13	EarlyNEstUpLateLow	Blue	0.00205	0.00005	0.11485
Gdf10	-2.5728	-2.1776	-1.9148	0.495565	0.571429	0.533497	0.518018	0.8	0.659009	0.492344	0.692308	0.592326	0.488764	0.571429	0.5300965	0.453125	0.8	0.6265625	0.642857	0.692308	0.6675825	+	4	AllVLow	Yellow	0.00005	0.00005	0.00005
Usp18	1.1668	2.3842	0.5517	0	0.472934	0.236467	0.506024	0.6	0.553012	0	0.540323	0.2701615	0	0.491554	0.245777	0.466844	0.6	0.533422	0	0.562372	0.281186	+	12	EarlyNEstUpLateN	LightBlue	0.00045	0.00005	0.0173
Cd300a	0.3995	1.6851	1.5153	0	0	0	0	0	0	0	0	0	0	0	0	0	0	0	0	0	0	+	12	EarlyNEstUpLateN	LightBlue	1	0.00035	0.00735
Acan	-4.5881	-3.5771	-4.2305	0.410714	0.428571	0.4196425	0.230769	0.533333	0.382051	0.387755	1	0.6938775	0.428571	0.572308	0.5004395	0.230769	0.409574	0.3201715	0.590444	1	0.795222	+	2	AllExtremelyLow	DarkOrange	0.00005	0.00005	0.00005
Gdpd2	-2.122	-0.9195	-0.0688	0	0	0	0	0	0	0	0	0	0	0	0	0	0	0	0	0	0	+	6	AllLow	VeryLightGreen	0.00005	0.0248	0.84315
Tmem132e	2.3418	1.3326	2.5561	0.471861	0.712871	0.570467	0.4	0.632812	0.4988112	0.219512	0.64878	0.4576738	0.5	0.518919	0.5094595	0.4	0.458333	0.4291665	0.375	0.578512	0.476756	+	16	AllVUp	DarkPurple	0.00005	0.0081	0.00005
Trim30a	2.0384	2.2132	1.3995	0	0	0	0	0	0	0	0	0	0	0	0	0	0	0	0	0	0	-	15	AllMildUp	SeaBlue	0.00005	0.00005	0.00005
Ppl	1.3125	1.7974	2.3383	0	0.666667	0.3643404	0.0666667	0.575758	0.33662154	0.478261	1	0.6395016	0.333333	0.590278	0.4776043333	0.342857	0.469697	0.3867933333	0.478261	0.56044	0.524264	-	15	AllMildUp	SeaBlue	0.0002	0.00005	0.00005
Cyyr1	0.1191	0.8033	1.8106	0	0	0	0	0	0	0	0	0	0	0	0	0	0	0	0	0	0	-	10	EarlyNEstNLateUp	Petrol	1	0.1738	0.00205
Kcnk13	0.1345	1.5917	0.9006	0	0.625899	0.3927233333	0.25	0.6	0.39841	0.39759	0.666667	0.5307238333	0.512821	0.526316	0.5195685	0.25	0.322581	0.2862905	0.434783	0.536585	0.485684	+	12	EarlyNEstUpLateN	LightBlue	1	0.0006	0.09535
Pf4	1.8026	2.1917	1.4793	0	0	0	0	0	0	0	0	0	0	0	0	0	0	0	0	0	0	+	15	AllMildUp	SeaBlue	0.0779	0.00005	0.0391
Erg	-1.7298	-1.7674	-1.3678	0.426075	0.49789	0.4683543333	0.450954	0.5125	0.4821156667	0.488613	0.543037	0.5238833333	0	0	0	0	0	0	0	0	0	-	4	AllVLow	Yellow	0.0001	0.0002	0.0006
Gm5424	1.554	1.6648	1.3343	0	0	0	0	0	0	0	0	0	0	0	0	0	0	0	0	0	0	+	15	AllMildUp	SeaBlue	0.00365	0.00025	0.00345
Acp5	-0.3765	0.4899	3.4956	0	0	0	0	0	0	0	0	0	0	0	0	0	0	0	0	0	0	-	10	EarlyNEstNLateUp	Petrol	0.162	0.02035	0.00005
Mal	0.2789	0.6827	1.8238	0.4375	0.75	0.6248723333	0.21875	0.666667	0.404788	0.404762	0.598039	0.4898226667	0.687117	0.687117	0.687117	0.328947	0.328947	0.328947	0.598039	0.598039	0.598039	-	10	EarlyNEstNLateUp	Petrol	0.5648	0.14045	0.00285
Cd40	2.3708	1.417	2.7093	0	0	0	0	0	0	0	0	0	0	0	0	0	0	0	0	0	0	+	16	AllVUp	DarkPurple	0.00005	0.0102	0.00005
Sphkap	-1.81	-2.3109	-0.6753	0	0	0	0	0	0	0	0	0	0	0	0	0	0	0	0	0	0	-	3	EarlyVLowEstVLowLateLow	Orange	0.00005	0.00005	0.09145
Alpl	-3.4946	-2.4049	-1.629	0.352941	0.515873	0.434407	0.142857	0.423881	0.283369	0.571429	0.64726	0.6093445	0.352941	0.5	0.4264705	0.142857	0.328205	0.235531	0.571429	0.619565	0.595497	-	4	AllVLow	Yellow	0.00005	0.00005	0.00005
Elfn1	-1.3056	-1.8468	-1.6018	0.4375	0.705882	0.4976748571	0.3	0.606557	0.4775982857	0.235294	0.530387	0.4637693571	0.586207	0.613636	0.5999215	0.3	0.621622	0.460811	0.235294	0.482143	0.3587185	+	4	AllVLow	Yellow	0.0018	0.00005	0.00025
Edn1	0.9005	2.8343	0.4522	0	0	0	0	0	0	0	0	0	0	0	0	0	0	0	0	0	0	+	12	EarlyNEstUpLateN	LightBlue	0.01265	0.00005	0.15245
Gpr68	1.1058	0.44	1.6899	0.2	0.592593	0.429228	0.373134	0.6	0.4737556	0.432432	0.75	0.6189918	0.2	0.505308	0.352654	0.394495	0.6	0.4972475	0.540909	0.636364	0.5886365	-	15	AllMildUp	SeaBlue	0.02105	0.28785	0.00095
LOC100038947	2.0753	3.952	3.2018	0	0	0	0	0	0	0	0	0	0	0	0	0	0	0	0	0	0	-	16	AllVUp	DarkPurple	1	0.00005	0.0868
Pth1r	-1.346	-1.7599	-0.6818	0.476284	0.540707	0.4973043333	0.333333	0.630769	0.438371	0	0.639344	0.4644072222	0	0	0	0	0	0	0	0	0	-	8	EarlyLowEstVLowLateLow	LightGreenUp	0.00005	0.00005	0.00185
Plxnc1	-1.7127	-1.8451	-1.4177	0.423077	0.53886	0.4809685	0.389381	0.645161	0.517271	0.52381	0.578125	0.5509675	0.423077	0.578947	0.501012	0.642857	0.645161	0.644009	0.45	0.52381	0.486905	-	4	AllVLow	Yellow	0.00005	0.00005	0.00005
Eln	-2.0663	-0.762	-2.5025	0.25	0.597345	0.4236725	0	0.47651	0.238255	0.519231	0.6	0.5596155	0.25	0.423077	0.3365385	0	0.545455	0.2727275	0.382353	0.6	0.4911765	-	4	AllVLow	Yellow	0.00005	0.0001	0.00005
Dsp	-1.06	0.0842	-1.85	0.529412	0.541353	0.5353825	0.428571	0.524272	0.4764215	0.363636	0.51773	0.440683	0.472474	0.529412	0.500943	0.428571	0.477333	0.452952	0.363636	0.485714	0.424675	+	7	EarlyLowEstNLateLow	LightGreen	1	1	0.00025
Cbln1	-1.5001	-1.702	0.696	0.448087	0.663043	0.5433684286	0.281553	0.481481	0.3700985714	0.35	0.621622	0.5518868571	0.545455	0.638889	0.5889843333	0.361702	0.481481	0.422475	0.35	0.571429	0.494643	-	8	EarlyLowEstVLowLateLow	LightGreenUp	0.0057	0.0006	0.12245
Rgs16	0.748	1.8863	-0.3308	0	0	0	0	0	0	0	0	0	0	0	0	0	0	0	0	0	0	+	12	EarlyNEstUpLateN	LightBlue	0.0021	0.00005	0.09605
Stmn4	0.3745	2.1458	1.266	0	0	0	0	0	0	0	0	0	0	0	0	0	0	0	0	0	0	+	12	EarlyNEstUpLateN	LightBlue	1	0.00325	0.04105
Msr1	0.7619	1.46	2.5555	0	0	0	0	0	0	0	0	0	0	0	0	0	0	0	0	0	0	-	10	EarlyNEstNLateUp	Petrol	0.11205	0.00005	0.00005
Npy2r	0.4178	0.287	2.1489	0	0	0	0	0	0	0	0	0	0	0	0	0	0	0	0	0	0	-	10	EarlyNEstNLateUp	Petrol	1	0.52905	0.0004
Tmem51	0.9407	1.9604	1.3324	0.477876	0.556548	0.5114746667	0.394286	0.5	0.464762	0.59901	0.777778	0.690898	0.477876	0.5	0.488938	0.5	0.5	0.5	0.59901	0.777778	0.688394	-	15	AllMildUp	SeaBlue	0.0654	0.0002	0.00725
Slamf8	4.1121	3.5681	4.958	0	0	0	0	0	0	0	0	0	0	0	0	0	0	0	0	0	0	-	18	AllVUp	Pink	0.01015	0.00035	0.00225
Rgs5	-0.9314	-0.6057	-1.6332	0	0	0	0	0	0	0	0	0	0	0	0	0	0	0	0	0	0	+	6	AllLow	VeryLightGreen	0.00925	0.087	0.00005
Cd274	1.2774	1.6559	1.4311	0	0	0	0	0	0	0	0	0	0.491603	0.491603	0.491603	0.436916	0.436916	0.436916	0.538095	0.538095	0.538095	+	15	AllMildUp	SeaBlue	0.0122	0.00055	0.0023
Pik3r5	0.9301	0.8318	2.468	0.521008	0.666667	0.5938375	0.272727	0.409506	0.3411165	0	0.526316	0.263158	0.441441	0.666667	0.554054	0.272727	0.515152	0.3939395	0	0.506173	0.2530865	+	15	AllMildUp	SeaBlue	0.0124	0.0021	0.00005
Arg1	-0.4775	1.8835	0.6298	0	0	0	0	0	0	0	0	0	0	0	0	0	0	0	0	0	0	-	12	EarlyNEstUpLateN	LightBlue	1	0.00235	1
Ndp	-2.1498	0.6887	-1.7969	0	0	0	0	0	0	0	0	0	0	0	0	0	0	0	0	0	0	-	7	EarlyLowEstNLateLow	LightGreen	1	1	0.00285
Kcnf1	1.4892	2.5244	1.7798	0.442656	0.548387	0.4908883333	0.465548	0.681818	0.5426283333	0.32	0.522692	0.4421046667	0.548387	0.548387	0.548387	0.681818	0.681818	0.681818	0.32	0.32	0.32	-	16	AllVUp	DarkPurple	0.00005	0.00005	0.00005
Clec4e	2.3251	2.1655	3.3745	0.518438	0.518438	0.518438	0.434555	0.434555	0.434555	0.578947	0.578947	0.578947	0	0	0	0	0	0	0	0	0	-	16	AllVUp	DarkPurple	1	0.00005	0.00005
Fxyd1	-2.2434	-1.6459	-0.9546	0.438679	0.511509	0.4743563333	0.450433	0.468504	0.4602395	0.47248	0.558824	0.50577	0	0	0	0	0	0	0	0	0	-	4	AllVLow	Yellow	0.00005	0.00005	0.0004
Il1rn	-1.6659	-2.1403	-0.434	0	0	0	0	0	0	0	0	0	0	0	0	0	0	0	0	0	0	+	6	AllLow	VeryLightGreen	0.00005	0.00005	0.01795
Slc27a6	-0.955	-1.5052	-1.5548	0	0	0	0	0	0	0	0	0	0	0	0	0	0	0	0	0	0	+	6	AllLow	VeryLightGreen	0.01245	0.00085	0.00005
Gm765	-2.5831	-1.7991	-0.5065	0	0	0	0	0	0	0	0	0	0	0	0	0	0	0	0	0	0	-	6	AllLow	VeryLightGreen	0.00005	0.00005	0.16375
Erbb3	0.3134	0.8972	1.6655	0.393617	0.525701	0.464144	0.375	0.456923	0.43126375	0.457255	0.612903	0.51662825	0.393617	0.545455	0.4842906667	0.375	0.461538	0.420875	0.411765	0.612903	0.5371396667	-	10	EarlyNEstNLateUp	Petrol	0.2828	0.0062	0.00005
Cybb	1.0677	1.5094	2.754	0.46745	0.46745	0.46745	0.545741	0.545741	0.545741	0.50813	0.50813	0.50813	0	0	0	0	0	0	0	0	0	-	15	AllMildUp	SeaBlue	0.02725	0.00005	0.00005
Pappa2	-1.9304	-1.2636	-0.8799	0.470657	0.570111	0.5135893333	0.517787	0.556604	0.534297	0.443778	0.59447	0.5021893333	0	0	0	0	0	0	0	0	0	-	6	AllLow	VeryLightGreen	0.00005	0.00005	0.00005
Slco2a1	1.6839	1.9244	1.9538	0.529412	0.611111	0.5702615	0.358025	0.4	0.3790125	0.44	0.530612	0.485306	0.592275	0.611111	0.601693	0.4	0.43771	0.418855	0.44	0.571429	0.5057145	+	15	AllMildUp	SeaBlue	0.00005	0.00005	0.00005
Spink5	-1.4103	-1.761	-0.4593	0	0	0	0	0	0	0	0	0	0	0	0	0	0	0	0	0	0	+	8	EarlyLowEstVLowLateLow	LightGreenUp	0.0056	0.00035	1
Itgam	0.5895	1.5991	2.0543	0	0	0	0	0	0	0	0	0	0	0	0	0	0	0	0	0	0	+	15	AllMildUp	SeaBlue	0.11695	0.00005	0.00005
Pla2g7	-0.0061	2.142	0.4415	0	0	0	0	0	0	0	0	0	0	0	0	0	0	0	0	0	0	+	12	EarlyNEstUpLateN	LightBlue	0.9882	0.00005	0.29955
Slc22a2	-1.2247	-2.029	-1.6579	0	0	0	0	0	0	0	0	0	0	0	0	0	0	0	0	0	0	+	4	AllVLow	Yellow	1	0.00255	0.0027
Xpnpep2	1.518	1.6307	1.3906	0	0	0	0	0	0	0	0	0	0	0	0	0	0	0	0	0	0	+	15	AllMildUp	SeaBlue	1	0.00345	0.0059
Gatm	0.2487	0.4957	1.5445	0.518018	0.666667	0.5923425	0.494845	0.714286	0.6045655	0.5	0.540107	0.5200535	0.456897	0.666667	0.561782	0.488432	0.714286	0.601359	0.5	0.516779	0.5083895	-	10	EarlyNEstNLateUp	Petrol	0.49585	0.0838	0.00015
Mmp10	4.2241	3.8207	3.5297	0	0	0	0	0	0	0	0	0	0	0	0	0	0	0	0	0	0	+	18	AllVUp	Pink	0.0002	0.00005	0.0002
Cdk15	-1.0202	-1.5985	-0.7349	0.462807	0.501504	0.48645	0.452679	0.498711	0.4781503333	0.444707	0.505004	0.467289	0	0	0	0	0	0	0	0	0	+	8	EarlyLowEstVLowLateLow	LightGreenUp	0.0493	0.00255	0.0694
Fhdc1	0.8762	1.5294	0.3542	0.502521	0.68	0.5912605	0.334254	0.512821	0.4235375	0.554517	0.625	0.5897585	0.632812	0.68	0.656406	0.381818	0.512821	0.4473195	0.615385	0.625	0.6201925	-	12	EarlyNEstUpLateN	LightBlue	0.00005	0.00005	0.07355
Mmp9	0.407	0.2925	5.2818	0.506268	0.75	0.602256	0.433114	0.601626	0.5064321667	0	0.724138	0.506819	0.611354	0.611354	0.611354	0.538462	0.538462	0.538462	0.567742	0.567742	0.567742	+	11	EarlyLEstLLateVeryUp	VeryLightBlue	0.0742	0.1909	0.00005
Slco4a1	1.1652	1.7954	1.5963	0	0	0	0	0	0	0	0	0	0.528302	0.541667	0.5349845	0.571429	0.586207	0.578818	0.37931	0.386364	0.382837	+	15	AllMildUp	SeaBlue	0.00705	0.00005	0.00195
Sdk2	-1.6481	-1.6197	-2.2597	0.294118	0.564103	0.4424045714	0.480127	1	0.6236745714	0.4	0.609375	0.5217101429	0.307692	0.548822	0.42555225	0.386364	0.642857	0.554364	0.586207	0.672956	0.6171345	-	4	AllVLow	Yellow	0.00005	0.00005	0.00005
Arl11	-0.0874	1.866	1.7204	0	0	0	0	0	0	0	0	0	0	0	0	0	0	0	0	0	0	+	12	EarlyNEstUpLateN	LightBlue	0.88125	0.00005	0.0022
Cd53	0.6784	1.0263	1.7212	0	0	0	0	0	0	0	0	0	0	0	0	0	0	0	0	0	0	-	15	AllMildUp	SeaBlue	0.14265	0.00025	0.00015
Lancl3	1.2044	2.3066	0.8036	0.478261	0.53799	0.5081255	0.489583	0.57418	0.5318815	0.470845	0.482558	0.4767015	0.53799	0.575758	0.556874	0.454545	0.57418	0.5143625	0.470845	0.47561	0.4732275	+	12	EarlyNEstUpLateN	LightBlue	0.0389	0.00035	0.0795
Ccl20	2.9624	2.5761	5.0102	0	0	0	0	0	0	0	0	0	0	0	0	0	0	0	0	0	0	+	18	AllVUp	Pink	0.00005	0.00005	0.00005
Kng1	-2.3459	-1.4198	0.6036	0	0	0	0	0	0	0	0	0	0	0	0	0	0	0	0	0	0	+	6	AllLow	VeryLightGreen	0.00005	0.00005	0.0312
Sel1l3	1.6348	2.0942	0.7617	0.5	0.610256	0.555128	0.166667	0.448598	0.3076325	0.2	0.62069	0.410345	0.470588	0.5	0.485294	0.166667	0.714286	0.4404765	0.2	0.487179	0.3435895	-	12	EarlyNEstUpLateN	LightBlue	1	0.00015	1
Cadm4	0.1024	0.5962	1.521	0.294118	0.483146	0.388632	0.181818	0.543103	0.3624605	0.411765	0.503497	0.457631	0.294118	0.521429	0.4077735	0.181818	0.506645	0.3442315	0.411765	0.58	0.4958825	+	10	EarlyNEstNLateUp	Petrol	0.683	0.0211	0.00005
Bst1	1.8843	1.6877	2.2958	0.474476	0.488751	0.4794593333	0.476585	0.49404	0.486732	0.447339	0.501902	0.469309	0	0	0	0	0	0	0	0	0	+	15	AllMildUp	SeaBlue	0.00105	0.00005	0.00005
Rhbdf2	1.8252	1.7467	2.1152	0.449074	0.558282	0.4889903333	0.245399	0.443077	0.3355526667	0.346154	0.508427	0.429481	0	0	0	0	0	0	0	0	0	-	15	AllMildUp	SeaBlue	0.00005	0.00005	0.00005
Dact2	1.7022	2.3167	1.9093	0.595652	0.65	0.622826	0.322981	0.538462	0.4307215	0.419847	0.545455	0.482651	0.554604	0.65	0.602302	0.392308	0.538462	0.465385	0.545455	0.636364	0.5909095	-	15	AllMildUp	SeaBlue	0.0002	0.00005	0.00005
Csf2rb	-0.1031	1.6391	2.5625	0	0	0	0	0	0	0	0	0	0	0	0	0	0	0	0	0	0	+	10	EarlyNEstNLateUp	Petrol	0.8195	0.00005	0.0005
Slc1a3	-1.5866	-1.5049	-0.9424	0.125	0.561404	0.4152725	0.428994	0.529412	0.4672705	0.297297	0.625	0.4884561667	0.561404	0.561404	0.561404	0.529412	0.529412	0.529412	0.297297	0.297297	0.297297	-	4	AllVLow	Yellow	0.00005	0.00005	0.00005
Mmp3	1.9996	2.8403	5.4435	0	0	0	0	0	0	0	0	0	0	0	0	0	0	0	0	0	0	+	18	AllVUp	Pink	0.00005	0.00005	0.00005
Spry4	0.2016	1.5934	-0.4082	0.411765	0.524444	0.4681045	0.428571	0.442308	0.4354395	0.4	0.552083	0.4760415	0.411765	0.549763	0.480764	0.428571	0.45283	0.4407005	0.4	0.526455	0.4632275	-	13	EarlyNEstUpLateLow	Blue	0.49605	0.00005	0.07685
Ctss	0.5964	1.5766	1.6724	0	0	0	0	0	0	0	0	0	0	0	0	0	0	0	0	0	0	+	12	EarlyNEstUpLateN	LightBlue	0.1203	0.00005	0.00005
Agtr2	0.0077	1.8626	1.3358	0	0	0	0	0	0	0	0	0	0	0	0	0	0	0	0	0	0	+	12	EarlyNEstUpLateN	LightBlue	0.97845	0.00005	0.00005
Slc2a6	2.2832	1.9442	2.1168	0.222222	0.598131	0.4101765	0.440476	0.818182	0.629329	0.375	0.523316	0.449158	0.222222	0.324324	0.273273	0.3125	0.818182	0.565341	0.375	0.459459	0.4172295	-	16	AllVUp	DarkPurple	0.00005	0.00005	0.00005
Cxcl2	3.9482	2.8673	4.5266	0	0	0	0	0	0	0	0	0	0	0	0	0	0	0	0	0	0	+	18	AllVUp	Pink	0.0063	0.00005	0.00305
Fcgr4	0.2589	2.0099	0.9694	0	0	0	0	0	0	0	0	0	0	0	0	0	0	0	0	0	0	+	12	EarlyNEstUpLateN	LightBlue	0.64625	0.00155	0.07065
F730043M19Rik	0.5891	0.3973	1.9644	0.6	0.632184	0.616092	0.3	0.407407	0.3537035	0.333333	0.520548	0.4269405	0.488793	0.6	0.5443965	0.3	0.465731	0.3828655	0.333333	0.510758	0.4220455	-	10	EarlyNEstNLateUp	Petrol	0.11405	0.17185	0.00005
Notch4	0.6116	0.2811	1.6571	0.482759	0.666667	0.5476316667	0.363636	0.8	0.535606	0.522831	0.777778	0.6279806667	0	0	0	0	0	0	0	0	0	+	10	EarlyNEstNLateUp	Petrol	0.12835	0.40605	0.0006
Nepn	1.9201	2.1531	4.0094	0	0	0	0	0	0	0	0	0	0	0	0	0	0	0	0	0	0	+	16	AllVUp	DarkPurple	1	0.0021	0.25245
Egr3	0.0848	1.698	-0.75	0.452296	0.452296	0.452296	0.447392	0.447392	0.447392	0.472615	0.472615	0.472615	0.452296	0.490909	0.4716025	0.422222	0.447392	0.434807	0.472615	0.583333	0.527974	+	13	EarlyNEstUpLateLow	Blue	0.78245	0.00005	0.00595
Aqp2	-2.0637	-3.8026	-1.6842	0.277778	0.522145	0.416641	0.404255	0.4375	0.4253063333	0.46	0.789474	0.594969	0	0	0	0	0	0	0	0	0	+	3	EarlyVLowEstVLowLateLow	Orange	0.01095	0.00005	0.0059
Lcp1	0.2238	0.8548	1.9648	0	0	0	0	0	0	0	0	0	0.513514	0.513514	0.513514	0.533333	0.533333	0.533333	0.529412	0.529412	0.529412	+	10	EarlyNEstNLateUp	Petrol	0.45045	0.00005	0.00005
Nos2	0.8911	2.7793	3.117	0.428571	0.56338	0.5139836667	0.4	0.516129	0.455914	0.428571	0.666667	0.57215	0	0	0	0	0	0	0	0	0	+	14	EarlyNEstUpLateUp	DarkBlue	1	0.00005	1
Icam1	1.9784	1.648	3.5546	0	0	0	0	0	0	0	0	0	0	0	0	0	0	0	0	0	0	+	16	AllVUp	DarkPurple	0.00005	0.00005	0.00005
Upp1	1.1475	1.5115	0.8314	0	0	0	0	0	0	0	0	0	0	0	0	0	0	0	0	0	0	+	12	EarlyNEstUpLateN	LightBlue	0.02695	0.00255	0.10645
AW551984	0.5631	0.2846	1.5734	0	0	0	0	0	0	0	0	0	0	0	0	0	0	0	0	0	0	-	10	EarlyNEstNLateUp	Petrol	0.07795	0.40615	0.00005
Coro1a	0.3715	1.1691	1.6891	0.492025	0.492025	0.492025	0.399345	0.399345	0.399345	0.511236	0.511236	0.511236	0	0.562112	0.351379	0	0.412371	0.270572	0.511236	0.666667	0.5700536667	-	10	EarlyNEstNLateUp	Petrol	0.4821	0.00035	0.00035
Col2a1	-2.4671	-0.2651	-2.1793	0.501852	0.666667	0.5702882	0	0.5	0.3338388	0.307692	0.625	0.4445204	0.463079	0.666667	0.564873	0	0.420315	0.2101575	0.469653	0.5	0.4848265	-	4	AllVLow	Yellow	0.00005	0.17915	0.00005
Actc1	1.6461	1.8487	1.2965	0	0	0	0	0	0	0	0	0	0	0	0	0	0	0	0	0	0	-	15	AllMildUp	SeaBlue	0.0018	0.00075	0.00275
Atoh8	-1.2739	-1.5125	-0.9825	0.419255	0.421053	0.420154	0.44	0.444643	0.4423215	0.457143	0.465447	0.461295	0.421053	0.569054	0.4950535	0.44	0.447592	0.443796	0.457143	0.636103	0.546623	-	8	EarlyLowEstVLowLateLow	LightGreenUp	0.00005	0.00005	0.00005
Oas1g	1.9296	2.4646	1.9312	0	0	0	0	0	0	0	0	0	0	0	0	0	0	0	0	0	0	-	16	AllVUp	DarkPurple	1	0.0003	0.01125
Nipal1	0.2515	1.5352	1.1095	0	0	0	0	0	0	0	0	0	0	0	0	0	0	0	0	0	0	+	12	EarlyNEstUpLateN	LightBlue	0.43535	0.00005	0.00045
Lzts1	-1.4109	-1.0763	-1.5717	0	0	0	0	0	0	0	0	0	0	0	0	0	0	0	0	0	0	-	6	AllLow	VeryLightGreen	0.0136	0.02045	0.0008
Adamts14	2.1978	2.7067	1.8534	0.477186	1	0.5974462	0.451213	0.517385	0.4898744	0.142857	0.5553	0.435242	0.333333	1	0.6666665	0.5	0.5625	0.53125	0.142857	0.358974	0.2509155	-	16	AllVUp	DarkPurple	0.00005	0.00005	0.00005
Cd52	-0.2656	1.0386	2.1034	0	0	0	0	0	0	0	0	0	0	0	0	0	0	0	0	0	0	-	10	EarlyNEstNLateUp	Petrol	0.6618	0.0079	0.00065
Adh1	-2.0146	-1.9126	-2.2446	0	0	0	0	0	0	0	0	0	0	0	0	0	0	0	0	0	0	+	4	AllVLow	Yellow	0.00005	0.00035	0.00005
Atf3	-0.0266	1.6772	0.3754	0.372881	0.65	0.48028725	0.258621	0.428571	0.36203025	0.301887	0.584416	0.4974745	0	0.52381	0.3307585	0	0.652174	0.378424875	0.414634	0.584416	0.50345225	-	12	EarlyNEstUpLateN	LightBlue	0.93825	0.00005	0.20935
Slc36a2	-0.0955	1.939	2.1188	0	0	0	0	0	0	0	0	0	0	0	0	0	0	0	0	0	0	-	10	EarlyNEstNLateUp	Petrol	1	0.00225	0.00715
Siglec1	1.464	2.4156	0.9292	0	0	0	0	0	0	0	0	0	0	0	0	0	0	0	0	0	0	-	12	EarlyNEstUpLateN	LightBlue	1	0.00005	0.03185
Foxs1	0.4445	2.2015	1.2305	0.364796	0.448387	0.4177643333	0.405063	0.485418	0.4402563333	0.446429	0.454626	0.4507613333	0.364796	0.364796	0.364796	0.430288	0.430288	0.430288	0.446429	0.446429	0.446429	-	12	EarlyNEstUpLateN	LightBlue	0.10665	0.00005	0.00005
Ces2e	1.3615	2.097	1.4905	0	0	0	0	0	0	0	0	0	0	0	0	0	0	0	0	0	0	+	15	AllMildUp	SeaBlue	0.0151	0.00035	0.0004
Egfl6	-3.0891	-2.7287	-1.8387	0	0	0	0	0	0	0	0	0	0	0	0	0	0	0	0	0	0	-	4	AllVLow	Yellow	0.00005	0.00005	0.00005
Krt19	2.4397	2.928	1.4598	0.467153	0.727273	0.5680963333	0.25	0.480769	0.403488	0.358696	0.577739	0.455002	0.467153	0.467153	0.467153	0.480769	0.480769	0.480769	0.358696	0.358696	0.358696	-	16	AllVUp	DarkPurple	0.00005	0.00005	0.00005
Havcr2	1.0597	0.7324	1.8328	0	0	0	0	0	0	0	0	0	0	0	0	0	0	0	0	0	0	+	15	AllMildUp	SeaBlue	1	0.0578	0.00165
Shisa6	-1.0046	-1.5292	-1.132	0.472674	0.66	0.5293044	0.273973	0.572568	0.4395836	0.464789	0.656716	0.5094208	0.362069	0.66	0.5110345	0.273973	0.56	0.4169865	0.352941	0.656716	0.5048285	-	8	EarlyLowEstVLowLateLow	LightGreenUp	0.01725	0.00005	1
Ly9	0.7727	2.4691	1.5141	0	0	0	0	0	0	0	0	0	0	0	0	0	0	0	0	0	0	-	12	EarlyNEstUpLateN	LightBlue	1	0.00005	0.02055
Itga8	-1.3544	1.2111	-1.8069	0.464052	0.714286	0.5722666667	0.285714	0.666667	0.4406486667	0.583333	0.666667	0.6320863333	0.538462	0.714286	0.626374	0.285714	0.666667	0.4761905	0.583333	0.666667	0.625	-	7	EarlyLowEstNLateLow	LightGreen	0.00025	0.00145	0.00005
Ecel1	-0.4293	-2.5976	0.3475	0.444444	0.6	0.522222	0.449275	0.586957	0.518116	0.457143	0.484848	0.4709955	0.440823	0.6	0.5204115	0.448747	0.449275	0.449011	0.457143	0.510288	0.4837155	-	8	EarlyLowEstVLowLateLow	LightGreenUp	1	0.00025	1
Lrrc15	0.7988	1.556	0.6278	0.545455	0.571429	0.558442	0.245614	0.529412	0.387513	0.513514	0.714286	0.6139	0.442953	0.545455	0.494204	0.390244	0.529412	0.459828	0.552632	0.714286	0.633459	-	12	EarlyNEstUpLateN	LightBlue	0.00055	0.00005	0.00325
Prlr	-2.4974	-1.6517	-1.1182	0	0	0	0	0	0	0	0	0	0	0	0	0	0	0	0	0	0	+	4	AllVLow	Yellow	0.00005	0.00055	0.00125
Cxcl1	1.3353	0.6012	1.717	0	0	0	0	0	0	0	0	0	0	0	0	0	0	0	0	0	0	+	15	AllMildUp	SeaBlue	0.00005	0.00575	0.00005
Gm4951	1.2916	1.567	1.0259	0	0	0	0	0	0	0	0	0	0	0	0	0	0	0	0	0	0	+	15	AllMildUp	SeaBlue	0.003	0.0003	0.0018
Ppp1r3c	-1.5356	-1.918	-0.536	0.485714	0.555556	0.520635	0.166667	0.4	0.2833335	0.5	0.659574	0.579787	0.483333	0.555556	0.5194445	0.166667	0.403361	0.285014	0.5	0.601351	0.5506755	-	8	EarlyLowEstVLowLateLow	LightGreenUp	0.00005	0.00005	0.03495
Wif1	-1.8046	-1.7415	-2.4467	0.565217	0.6	0.5826085	0	0.567568	0.283784	0.285714	0.37931	0.332512	0.465517	0.6	0.5327585	0	0.5	0.25	0.285714	0.458333	0.3720235	+	4	AllVLow	Yellow	0.00155	0.00045	0.00005
Bnc1	1.4293	3.2223	2.4271	0.428571	0.598131	0.513351	0.517241	0.538462	0.5278515	0.56044	0.578947	0.5696935	0.428571	0.606897	0.517734	0.392857	0.538462	0.4656595	0.576271	0.578947	0.577609	-	16	AllVUp	DarkPurple	1	0.00025	1
Plcb2	0.161	1.1557	2.4406	0.333333	0.57529	0.4756493333	0.40241	0.559006	0.485702	0.583721	0.707692	0.6265493333	0	0	0	0	0	0	0	0	0	-	10	EarlyNEstNLateUp	Petrol	1	0.0056	0.00065
Egln3	1.4909	1.3232	1.9115	0.363636	0.533333	0.4484845	0.375	0.481752	0.428376	0.435897	0.519084	0.4774905	0.363636	0.529412	0.446524	0.375	0.521739	0.4483695	0.435897	0.535714	0.4858055	-	15	AllMildUp	SeaBlue	0.00005	0.00005	0.00005
Frmd5	-1.7941	-1.6962	1.112	0.315789	0.606061	0.460925	0.5	0.59375	0.546875	0.15	0.571429	0.3607145	0.315789	0.685714	0.5007515	0.5	0.52	0.51	0.516667	0.571429	0.544048	-	8	EarlyLowEstVLowLateLow	LightGreenUp	0.00025	0.00005	0.0254
Kcne4	-2.6076	-1.5829	-1.5857	0	0	0	0	0	0	0	0	0	0	0	0	0	0	0	0	0	0	+	4	AllVLow	Yellow	0.00005	0.00005	0.00005
Sp6	-1.7669	-2.3304	-0.84	0.342105	0.485714	0.4151783333	0.25	0.56	0.4281393333	0.410256	0.570968	0.4743011667	0	0	0	0	0	0	0	0	0	+	3	EarlyVLowEstVLowLateLow	Orange	0.00105	0.00005	0.07625
Sparcl1	-1.6373	-1.2317	-1.4571	0	0	0	0	0	0	0	0	0	0	0	0	0	0	0	0	0	0	-	6	AllLow	VeryLightGreen	0.00005	0.0028	0.00005
Ereg	0.7772	2.5787	-0.0722	0	0	0	0	0	0	0	0	0	0	0	0	0	0	0	0	0	0	+	13	EarlyNEstUpLateLow	Blue	0.0026	0.00005	0.6962
Cfb	1.218	1.7591	2.8583	0	0	0	0	0	0	0	0	0	0	0	0	0	0	0	0	0	0	-	15	AllMildUp	SeaBlue	0.00005	0.00005	0.00005
Snca	1.2244	2.5645	0.2547	0	0	0	0	0	0	0	0	0	0	0	0	0	0	0	0	0	0	-	12	EarlyNEstUpLateN	LightBlue	0.0622	0.00275	0.6597
Clec5a	0.8755	0.8076	2.0383	0	0	0	0	0	0	0	0	0	0	0	0	0	0	0	0	0	0	-	15	AllMildUp	SeaBlue	1	0.01535	0.00065
Gpr35	1.8623	1.268	2.0252	0	0	0	0	0	0	0	0	0	0	0	0	0	0	0	0	0	0	+	15	AllMildUp	SeaBlue	0.0001	0.00045	0.00005
Pld4	0.5902	1.5884	1.3124	0	0	0	0	0	0	0	0	0	0	0	0	0	0	0	0	0	0	+	12	EarlyNEstUpLateN	LightBlue	0.22205	0.00005	0.00355
Il17rd	0.8439	1.5531	0.4721	0.272727	0.585586	0.4291565	0.235294	0.476744	0.356019	0.421053	0.603015	0.512034	0.272727	0.5	0.3863635	0.235294	0.455285	0.3452895	0.421053	0.535088	0.4780705	+	12	EarlyNEstUpLateN	LightBlue	0.0019	0.00005	0.0256
Irf8	1.4574	1.8946	1.6337	0	0.628821	0.3144105	0.307087	1	0.6535435	0.333333	0.603896	0.4686145	0	0.505376	0.252688	0.485714	1	0.742857	0.333333	0.524272	0.4288025	+	15	AllMildUp	SeaBlue	1	0.0001	0.00585
Gpr65	0.5675	1.9661	0.7699	0	0	0	0	0	0	0	0	0	0	0	0	0	0	0	0	0	0	+	12	EarlyNEstUpLateN	LightBlue	1	0.0008	1
Aass	0.8776	1.3979	1.5352	0	0	0	0	0	0	0	0	0	0	0	0	0	0	0	0	0	0	-	15	AllMildUp	SeaBlue	0.01115	0.00035	0.00005
Vav1	0.6796	1.1603	1.5575	0	0	0	0	0	0	0	0	0	0.176471	0.603774	0.4576126667	0.333333	0.684211	0.4764363333	0.166667	0.372093	0.267306	+	15	AllMildUp	SeaBlue	0.15855	0.00025	0.0023
Anpep	-1.0497	-1.551	-0.352	0	0	0	0	0	0	0	0	0	0.7	0.7	0.7	0.413333	0.413333	0.413333	0.605634	0.605634	0.605634	-	8	EarlyLowEstVLowLateLow	LightGreenUp	0.00005	0.00005	0.052
Gucy1a3	-1.4705	-1.468	-1.7351	0	0	0	0	0	0	0	0	0	0	0	0	0	0	0	0	0	0	-	4	AllVLow	Yellow	0.0011	1	0.00005
Abcc9	-2.0104	-1.7794	-1.2003	0	0	0	0	0	0	0	0	0	0	0	0	0	0	0	0	0	0	-	4	AllVLow	Yellow	0.00025	0.00005	1
Ptprc	0.1874	1.0307	1.9038	0	0	0	0	0	0	0	0	0	0	0	0	0	0	0	0	0	0	-	10	EarlyNEstNLateUp	Petrol	0.6633	0.0002	0.00005
Fmo1	-0.5801	0.3787	1.7217	0.455166	0.499837	0.4819216667	0.497303	0.52576	0.513329	0.448201	0.517982	0.483348	0	0	0	0	0	0	0	0	0	-	10	EarlyNEstNLateUp	Petrol	0.1553	0.31875	0.00005
Cdsn	-2.0466	-2.5233	-1.87	0	0	0	0	0	0	0	0	0	0	0	0	0	0	0	0	0	0	+	3	EarlyVLowEstVLowLateLow	Orange	0.00005	0.00005	0.00005
Dhdh	0.2115	0.194	1.5959	0.482079	0.6	0.5410395	0.166667	0.40919	0.2879285	0.488372	0.5	0.494186	0.504638	0.6	0.552319	0.166667	0.310541	0.238604	0.5	0.582609	0.5413045	-	10	EarlyNEstNLateUp	Petrol	0.63685	0.64055	0.00175
Gata6	0.1968	1.8358	0.3552	0.428571	0.648148	0.4895021111	0	0.6	0.4573284444	0.491228	0.888889	0.5987414444	0.464286	0.652482	0.6088394	0.425	0.576577	0.494168	0.491228	0.6	0.5665026	+	12	EarlyNEstUpLateN	LightBlue	0.6857	0.00045	0.46005
Tspan11	1.1784	0.8635	2.7378	0.222222	0.605405	0.4460883333	0.316742	0.514286	0.3881203333	0.333333	0.857143	0.5721726667	0.605405	0.605405	0.605405	0.316742	0.316742	0.316742	0.526042	0.526042	0.526042	+	15	AllMildUp	SeaBlue	0.0004	0.00095	0.00005
Hpse	1.245	1.3205	1.9478	0.482861	0.8	0.6414305	0.333333	0.432039	0.382686	0.25	0.567033	0.4085165	0.595745	0.8	0.6978725	0.275862	0.333333	0.3045975	0.25	0.694444	0.472222	-	15	AllMildUp	SeaBlue	0.00025	0.00005	0.00005
Ltc4s	2.8702	0.7899	3.1203	0.515066	0.612426	0.5523013333	0.37619	0.533333	0.4679373333	0.451852	0.615044	0.5453756667	0.612426	0.612426	0.612426	0.37619	0.37619	0.37619	0.615044	0.615044	0.615044	-	19	EarlyVUpEstLowLateUp	DarkPink	0.18625	0.1419	0.0005
Calca	-3.215	-3.8354	-3.9806	0	0	0	0	0	0	0	0	0	0	0	0	0	0	0	0	0	0	-	2	AllExtremelyLow	DarkOrange	0.1793	0.0021	0.00055
Kcnip3	-1.0701	-1.9176	-0.6418	0.465116	0.571429	0.5154496667	0	0.545455	0.274411	0.333333	0.4	0.374074	0	0	0	0	0	0	0	0	0	-	8	EarlyLowEstVLowLateLow	LightGreenUp	0.00225	0.00005	0.04095
Panx3	-1.5112	-1.9506	-1.2244	0	0	0	0	0	0	0	0	0	0	0	0	0	0	0	0	0	0	-	4	AllVLow	Yellow	1	0.00075	0.0244
Il21r	1.129	2.035	1.6709	0	0	0	0	0	0	0	0	0	0	0	0	0	0	0	0	0	0	+	15	AllMildUp	SeaBlue	1	0.0008	0.01855
Ripply1	0.439	-1.0083	3.9415	0	0	0	0	0	0	0	0	0	0	0	0	0	0	0	0	0	0	-	11	EarlyLEstLLateVeryUp	VeryLightBlue	1	1	0.00235
C1qtnf3	-1.7277	-1.0676	-2.9291	0.47619	0.47619	0.47619	0.571429	0.571429	0.571429	0.510204	0.510204	0.510204	0	0	0	0	0	0	0	0	0	+	4	AllVLow	Yellow	0.00005	0.00005	0.00005
Tex15	-1.1363	-1.8247	-1.9577	0	0	0	0	0	0	0	0	0	0	0	0	0	0	0	0	0	0	+	4	AllVLow	Yellow	0.0003	0.00005	0.00005
Tmem176b	0.796	0.6281	1.5606	0	0	0	0	0	0	0	0	0	0	0	0	0	0	0	0	0	0	-	15	AllMildUp	SeaBlue	0.00585	0.0007	0.00005
Pdzrn4	-2.8117	0.1216	1.9452	0.346154	0.538462	0.4581633333	0	0.597701	0.4811159444	0.40678	0.552402	0.4901875556	0	0	0	0	0	0	0	0	0	+	5	EarlyVLowEstNLateUp	CabbageGreen	1	0.8075	0.00095
Abcg1	0.9671	1.6053	1.5007	0.3	0.342105	0.3210525	0.446809	0.5	0.4734045	0.3	0.368421	0.3342105	0.3	0.54878	0.42439	0.425	0.5	0.4625	0.3	0.516667	0.4083335	+	15	AllMildUp	SeaBlue	0.00085	0.00005	0.00005
Scube2	-2.5732	-2.222	-2.3164	0.125	0.378378	0.251689	0.125	0.344828	0.234914	0.333333	0.512821	0.423077	0.125	0.499314	0.312157	0.125	0.318091	0.2215455	0.333333	0.529637	0.431485	-	4	AllVLow	Yellow	0.00005	0.00005	0.00005
Efs	-1.6817	-1.9201	-1.8533	0.444444	0.552632	0.498538	0.285714	0.444444	0.365079	0.333333	0.642857	0.488095	0.444444	0.595855	0.5201495	0.285714	0.454545	0.3701295	0.642857	0.654206	0.6485315	-	4	AllVLow	Yellow	0.00005	0.00005	0.00005
Htr7	-1.925	-1.517	-2.6321	0.477273	0.539604	0.5084385	0.392857	0.435115	0.413986	0.427027	0.621622	0.5243245	0.419355	0.539604	0.4794795	0.435115	0.574468	0.5047915	0.427027	0.66	0.5435135	-	4	AllVLow	Yellow	0.00005	0.00055	0.00005
Sncaip	-3.2039	-2.5112	-2.3672	0.437236	0.571429	0.5092993333	0.260274	1	0.5205381667	0.454012	0.604651	0.5215828333	0.546667	0.571429	0.559048	0.352941	1	0.6764705	0.576923	0.604651	0.590787	+	4	AllVLow	Yellow	0.00005	0.00005	0.0001
Klf4	0.8962	1.6628	0.2204	0.446154	0.469027	0.4575905	0.516588	0.608696	0.562642	0.603774	0.634146	0.61896	0.408163	0.446154	0.4271585	0.515152	0.608696	0.561924	0.341463	0.603774	0.4726185	-	12	EarlyNEstUpLateN	LightBlue	0.00005	0.00005	0.17965
Igfbp4	-1.6475	-1.4893	-1.239	0.507692	0.586207	0.5469495	0.6	0.689655	0.6448275	0.395349	0.6	0.4976745	0.32	0.586207	0.4531035	0.4	0.689655	0.5448275	0.348837	0.6	0.4744185	+	4	AllVLow	Yellow	0.00005	0.00005	0.0002
Fbln7	-2.4648	-1.8829	-2.3391	0.166667	0.582329	0.448367	0.348684	0.571429	0.4203068	0.333333	0.563758	0.4594156	0.166667	0.549091	0.357879	0.420712	0.571429	0.4960705	0.333333	0.571776	0.4525545	+	4	AllVLow	Yellow	0.00005	0.00005	0.00005
Agt	-3.085	-3.2017	-1.0584	0	0	0	0	0	0	0	0	0	0	0	0	0	0	0	0	0	0	-	3	EarlyVLowEstVLowLateLow	Orange	0.00005	0.00005	0.00515
Zbp1	2.2904	2.1921	2.1972	0	0	0	0	0	0	0	0	0	0	0	0	0	0	0	0	0	0	-	16	AllVUp	DarkPurple	0.00005	0.00005	0.00005
Npy1r	1.1183	1.4932	2.9249	0	0	0	0	0	0	0	0	0	0	0	0	0	0	0	0	0	0	+	15	AllMildUp	SeaBlue	0.00005	0.00005	0.00005
Klra2	1.1259	1.1524	2.392	0	0	0	0	0	0	0	0	0	0	0	0	0	0	0	0	0	0	-	15	AllMildUp	SeaBlue	0.0261	0.00975	0.00005
Fxyd6	-1.9428	-1.8808	-2.9987	0.375	0.8	0.551751	0.333333	0.501089	0.4051246667	0.512821	0.666667	0.5719236667	0.375	0.375	0.375	0.380952	0.380952	0.380952	0.512821	0.512821	0.512821	+	4	AllVLow	Yellow	0.00005	0.00005	0.00005
Myh3	1.5449	1.2576	1.13	0.474128	0.509151	0.4968746667	0.484398	0.530954	0.500125	0.422374	0.516944	0.470455	0	0	0	0	0	0	0	0	0	+	15	AllMildUp	SeaBlue	0.00025	0.001	0.0001
Cd24a	-1.6721	-1.7439	-0.3927	0.333333	0.560976	0.4471545	0.333333	0.736842	0.5350875	0.454545	0.5	0.4772725	0.333333	0.463201	0.398267	0.441841	0.736842	0.5893415	0.454545	0.534884	0.4947145	+	6	AllLow	VeryLightGreen	0.00005	0.00005	0.2282
F2rl1	1.3183	2.6681	0.9426	0.461538	0.506	0.483769	0.25	0.401993	0.3259965	0.382353	0.532544	0.4574485	0.461538	0.577778	0.519658	0.25	0.558824	0.404412	0.382353	0.691176	0.5367645	-	12	EarlyNEstUpLateN	LightBlue	0.001	0.00005	0.0071
Aoah	0.495	3.2112	2.9694	0	0	0	0	0	0	0	0	0	0	0	0	0	0	0	0	0	0	+	14	EarlyNEstUpLateUp	DarkBlue	1	0.00005	0.0015
Trim12a	1.1383	1.5093	0.6805	0	0	0	0	0	0	0	0	0	0	0	0	0	0	0	0	0	0	-	12	EarlyNEstUpLateN	LightBlue	0.04065	0.0002	0.04975
2610018G03Rik	-1.2388	-0.9344	-1.9079	0.528604	0.540509	0.5345565	0.534247	0.569748	0.5519975	0.500442	0.572	0.536221	0.507692	0.540509	0.5241005	0.5	0.569748	0.534874	0.475191	0.500442	0.4878165	+	6	AllLow	VeryLightGreen	0.0033	0.02215	0.0006
Tnf	0.0393	0.822	1.9361	0	0	0	0	0	0	0	0	0	0	0	0	0	0	0	0	0	0	-	10	EarlyNEstNLateUp	Petrol	1	0.05805	0.00035
Dusp1	0.6717	2.29	-0.3202	0.533333	0.555556	0.5444445	0.25	0.425532	0.337766	0.583333	0.614035	0.598684	0.51634	0.555556	0.535948	0.25	0.389831	0.3199155	0.583333	0.632911	0.608122	-	13	EarlyNEstUpLateLow	Blue	0.00225	0.00005	0.1198
Slc35f1	0.5025	1.865	1.2616	0.463299	0.736111	0.5345222	0.256757	0.525926	0.4517342	0.462482	0.637681	0.5363546	0.520833	0.818182	0.6695075	0.5	0.52	0.51	0.363636	0.609375	0.4865055	+	12	EarlyNEstUpLateN	LightBlue	0.1919	0.0001	0.0036
Itgax	0.1469	1.5616	2.0981	0	0	0	0	0	0	0	0	0	0	0	0	0	0	0	0	0	0	+	10	EarlyNEstNLateUp	Petrol	1	0.0031	1
Cd200r4	0.1483	2.5347	2.0569	0	0	0	0	0	0	0	0	0	0	0	0	0	0	0	0	0	0	+	14	EarlyNEstUpLateUp	DarkBlue	1	0.00015	0.00245
Casp4	1.3596	0.3731	1.7112	0	0	0	0	0	0	0	0	0	0	0	0	0	0	0	0	0	0	+	15	AllMildUp	SeaBlue	0.00005	0.1227	0.00005
Adamts3	-1.5581	-0.6122	-0.8135	0.464955	0.7	0.551656125	0.402985	1	0.580391625	0.333333	0.628788	0.4684615	0.560166	0.7	0.609131	0.366412	0.636364	0.468587	0.4	0.630435	0.5530743333	-	6	AllLow	VeryLightGreen	0.00005	0.04165	0.001
Zfp385b	-0.8474	-1.5632	-0.1712	0.555985	0.684211	0.620098	0.406452	0.909091	0.6577715	0.555556	0.599448	0.577502	0.56	0.684211	0.6221055	0.277778	0.909091	0.5934345	0.555556	0.598361	0.5769585	-	8	EarlyLowEstVLowLateLow	LightGreenUp	0.08245	0.001	0.72495
Susd5	-1.5045	-0.5499	-3.2086	0.483977	1	0.7419885	0.396624	0.428571	0.4125975	0.480337	0.555556	0.5179465	0.333333	1	0.6666665	0.428571	0.432432	0.4305015	0.388889	0.555556	0.4722225	+	4	AllVLow	Yellow	0.0088	0.3142	0.00005
Psmb8	1.3411	1.2368	1.6172	0	0	0	0	0	0	0	0	0	0	0	0	0	0	0	0	0	0	+	15	AllMildUp	SeaBlue	0.00005	0.00005	0.00005
Bmp5	-1.5979	-1.7166	-1.1285	0	0	0	0	0	0	0	0	0	0	0	0	0	0	0	0	0	0	+	4	AllVLow	Yellow	0.00005	0.00005	0.00005
Arhgap25	0.0829	1.4202	2.2908	0	0	0	0	0	0	0	0	0	0	0	0	0	0	0	0	0	0	-	10	EarlyNEstNLateUp	Petrol	1	0.0032	0.00195
Kcnj8	-2.7438	-2.3759	-2.036	0.25	0.515581	0.3827905	0.5	0.551971	0.5259855	0.601852	0.625	0.613426	0.25	0.415584	0.332792	0.5	0.521739	0.5108695	0.28	0.625	0.4525	-	4	AllVLow	Yellow	0.00355	0.0027	1
Fpr2	-0.2178	3.2491	2.6122	0	0	0	0	0	0	0	0	0	0	0	0	0	0	0	0	0	0	+	14	EarlyNEstUpLateUp	DarkBlue	1	0.00005	0.01565
Cxcl5	0.4207	0.2754	2.2738	0	0	0	0	0	0	0	0	0	0	0	0	0	0	0	0	0	0	+	10	EarlyNEstNLateUp	Petrol	0.0539	0.2588	0.00005
Pecam1	-1.252	-1.908	0.6221	0	0	0	0	0	0	0	0	0	0	0	0	0	0	0	0	0	0	-	8	EarlyLowEstVLowLateLow	LightGreenUp	1	0.00105	1
Wfdc1	-2.3724	-1.0796	-2.4878	0	0	0	0	0	0	0	0	0	0	0	0	0	0	0	0	0	0	+	4	AllVLow	Yellow	0.40305	0.08685	0.00005
Ccr1	-0.5002	0.3916	4.3014	0	0	0	0	0	0	0	0	0	0	0	0	0	0	0	0	0	0	-	11	EarlyLEstLLateVeryUp	VeryLightBlue	0.2862	0.14485	0.00185
Slc30a3	-1.8183	-1.3538	0.3921	0.5	0.555556	0.529263	0.453947	0.578947	0.51171875	0.423077	0.673077	0.54904825	0.384615	0.555556	0.48637175	0	0.578947	0.390269125	0.294118	0.714286	0.5034365	-	6	AllLow	VeryLightGreen	0.00005	0.00895	0.3009
Galnt6	0.1179	1.5364	2.2054	0.5251	0.689655	0.6073775	0.461318	0.55	0.505659	0.539846	0.666667	0.6032565	0.533784	0.689655	0.6117195	0.460733	0.55	0.5053665	0.538462	0.666667	0.6025645	-	10	EarlyNEstNLateUp	Petrol	1	0.00005	0.00255
Notum	-2.1709	-1.5734	-1.4375	0.470588	0.564103	0.5173455	0.452055	0.684211	0.568133	0.296296	0.366667	0.3314815	0.564103	0.627907	0.596005	0.596491	0.684211	0.640351	0.296296	0.673077	0.4846865	-	4	AllVLow	Yellow	0.00005	0.00155	0.0034
Sash3	0.56	1.585	1.3191	0	0	0	0	0	0	0	0	0	0	0	0	0	0	0	0	0	0	+	12	EarlyNEstUpLateN	LightBlue	1	0.0009	0.03285
Pdlim4	0.8758	0.955	1.8176	0.142857	0.567568	0.3552125	0.270833	0.833333	0.552083	0.545455	0.604651	0.575053	0.142857	0.459459	0.301158	0.421053	0.833333	0.627193	0.447761	0.545455	0.496608	-	15	AllMildUp	SeaBlue	0.00035	0.00005	0.00005
Ccl8	3.2519	3.5284	3.8009	0	0	0	0	0	0	0	0	0	0	0	0	0	0	0	0	0	0	+	18	AllVUp	Pink	0.00005	0.00005	0.00005
Plk3	0.3514	2.0511	-0.1515	0.125	0.470787	0.2978935	0.375	0.441341	0.4081705	0.536176	0.571429	0.5538025	0.125	0.34375	0.234375	0.375	0.588235	0.4816175	0.361702	0.571429	0.4665655	-	12	EarlyNEstUpLateN	LightBlue	0.1806	0.00005	0.48015
Kcns1	-1.7577	-2.6723	-1.1622	0	0.521531	0.3906782	0	0.512605	0.3949594	0.333333	0.571429	0.5135096	0	0.546392	0.273196	0	0.483965	0.2419825	0.333333	0.645885	0.489609	-	3	EarlyVLowEstVLowLateLow	Orange	0.0011	0.00005	0.0144
Cldn19	-2.3488	-2.4701	-2.1813	0	0	0	0	0	0	0	0	0	0	0	0	0	0	0	0	0	0	+	4	AllVLow	Yellow	0.0031	0.00335	0.0007
Zfp423	-1.4383	-2.024	-1.5563	0.372549	0.585366	0.4921172667	0.282609	0.727273	0.4629956	0.358974	0.555556	0.4798062	0.425094	0.493204	0.459149	0.431925	0.440154	0.4360395	0.526042	0.530466	0.528254	-	4	AllVLow	Yellow	0.0001	0.00005	0.00005
Cd84	0.196	1.3958	1.731	0	0	0	0	0	0	0	0	0	0	0	0	0	0	0	0	0	0	+	12	EarlyNEstUpLateN	LightBlue	0.69705	0.00005	0.00115
Palmd	-2.0382	-1.7104	-2.9468	0	0	0	0	0	0	0	0	0	0	0	0	0	0	0	0	0	0	-	4	AllVLow	Yellow	0.00005	0.00005	0.00005
Srgn	-0.086	0.2681	1.7949	0	0	0	0	0	0	0	0	0	0	0	0	0	0	0	0	0	0	-	10	EarlyNEstNLateUp	Petrol	0.8661	0.38435	0.00005
Cx3cr1	1.1943	0.9834	1.7444	0	0	0	0	0	0	0	0	0	0	0	0	0	0	0	0	0	0	-	15	AllMildUp	SeaBlue	0.0182	0.0013	0.00005
Ctsc	0.9119	1.1211	1.5563	0	0.496	0.248	0.52381	0.777778	0.650794	0	0.471264	0.235632	0	0.470588	0.235294	0.642857	0.777778	0.7103175	0	0.27907	0.139535	+	15	AllMildUp	SeaBlue	0.0009	0.00005	0.00005
Ccdc85a	0.8069	1.3726	1.7081	0.571429	0.7	0.632143	0.384615	0.857143	0.6069016667	0.333333	0.560976	0.446251	0.7	0.7	0.7	0.384615	0.384615	0.384615	0.560976	0.560976	0.560976	-	15	AllMildUp	SeaBlue	1	0.0032	0.0002
4930506M07Rik	0.1629	0.7185	1.6001	0.497859	0.607143	0.5448046667	0.302083	0.473348	0.395732	0.5	0.61157	0.5643503333	0.497859	0.497859	0.497859	0.473348	0.473348	0.473348	0.581481	0.581481	0.581481	-	10	EarlyNEstNLateUp	Petrol	0.70725	0.0274	0.0019
Hp	1.832	2.2006	3.5563	0	0	0	0	0	0	0	0	0	0	0	0	0	0	0	0	0	0	-	16	AllVUp	DarkPurple	0.00005	0.00005	0.00005
C3	3.214	2.7862	5.436	0	0	0	0	0	0	0	0	0	0	0	0	0	0	0	0	0	0	-	18	AllVUp	Pink	0.00005	0.00005	0.00005
St8sia2	-1.2337	-0.9711	-1.6667	0.486056	0.5	0.493028	0.423077	0.565217	0.494147	0.357143	0.431818	0.3944805	0.411765	0.5	0.4558825	0.439024	0.565217	0.5021205	0.357143	0.539683	0.448413	-	6	AllLow	VeryLightGreen	0.00005	0.00005	0.00005
Cyp2f2	0.5449	0.0538	1.5536	0	0	0	0	0	0	0	0	0	0	0	0	0	0	0	0	0	0	+	10	EarlyNEstNLateUp	Petrol	0.1669	0.86545	0.00005
Ccr7	-2.161	-2.4119	-1.4402	0	0	0	0	0	0	0	0	0	0	0	0	0	0	0	0	0	0	-	3	EarlyVLowEstVLowLateLow	Orange	0.0023	0.00035	0.016
Ncf1	1.1714	1.1798	1.5866	0.504065	0.53457	0.5161896667	0.408719	0.588235	0.4761883333	0.511594	0.717391	0.6079376667	0	0	0	0	0	0	0	0	0	-	15	AllMildUp	SeaBlue	0.0185	0.0002	0.0006
Clu	-1.6619	-1.7726	-0.1762	0	0	0	0	0	0	0	0	0	0	0	0	0	0	0	0	0	0	+	6	AllLow	VeryLightGreen	0.00005	0.00005	0.3502
Cyp7b1	0.6455	-0.0647	1.7113	0.222222	0.285714	0.253968	0.142857	0.27907	0.2109635	0.25	0.454545	0.3522725	0.222222	0.47191	0.347066	0.142857	0.433962	0.2884095	0.25	0.478873	0.3644365	-	10	EarlyNEstNLateUp	Petrol	0.0083	0.7448	0.00005
Kcna4	1.0874	1.6879	2.7309	0	0	0	0	0	0	0	0	0	0	0	0	0	0	0	0	0	0	+	15	AllMildUp	SeaBlue	1	0.0022	0.0001
Kcnn3	2.3939	1.8504	2.8232	0	0	0	0	0	0	0	0	0	0	0	0	0	0	0	0	0	0	+	16	AllVUp	DarkPurple	0.00005	0.0017	0.00005
Hsd11b2	-1.5071	-2.8763	-2.2469	0.5	0.5	0.5	0.285714	0.294118	0.289916	0.444444	0.46	0.452222	0.417582	0.5	0.458791	0.294118	0.434783	0.3644505	0.4	0.444444	0.422222	+	4	AllVLow	Yellow	0.018	0.00005	0.0007
Ms4a6d	0.8546	1.725	2.0306	0.481281	0.523699	0.4969703333	0.476326	0.540449	0.502036	0.514662	0.543513	0.5307306667	0	0	0	0	0	0	0	0	0	-	15	AllMildUp	SeaBlue	0.1343	0.00005	0.00105
Serping1	0.358	0.4517	1.6552	0	0	0	0	0	0	0	0	0	0	0	0	0	0	0	0	0	0	-	10	EarlyNEstNLateUp	Petrol	0.10805	0.02445	0.00005
Trem1	0.7113	2.1944	2.5811	0	0	0	0	0	0	0	0	0	0	0	0	0	0	0	0	0	0	+	15	AllMildUp	SeaBlue	1	0.00005	1
Rspo1	-1.8699	-1.8443	-2.3618	0.466667	0.8	0.6254996	0.5	0.533333	0.5155122	0.44186	0.684211	0.5423426	0.466667	0.577778	0.5222225	0.395833	0.5	0.4479165	0.6	0.684211	0.6421055	+	4	AllVLow	Yellow	0.0168	1	0.0002
Tnip1	1.1033	1.1932	1.6491	0.2	0.50165	0.3731866667	0.4	0.6	0.4955823333	0.363636	0.545455	0.4779553333	0	0	0	0	0	0	0	0	0	-	15	AllMildUp	SeaBlue	0.00005	0.00005	0.00005
Gdf7	1.1584	2.8912	1.435	0.480769	0.563941	0.5214814	0.49616	0.653846	0.5568558	0.553648	0.689655	0.6018908	0.480769	0.6171	0.5489345	0.365169	0.653846	0.5095075	0.619048	0.689655	0.6543515	-	16	AllVUp	DarkPurple	0.0037	0.00005	0.00005
H2-Ab1	0.9154	-1.453	4.4757	0.333333	0.481262	0.4084363333	0.481586	0.584906	0.5429973333	0.438356	0.583333	0.531674	0.410714	0.410714	0.410714	0.584906	0.584906	0.584906	0.438356	0.438356	0.438356	+	11	EarlyLEstLLateVeryUp	VeryLightBlue	0.182	0.00815	0.00215
Plekhg1	0.3646	0.6491	1.547	0.3125	0.515152	0.413826	0.5	0.526316	0.513158	0.395349	0.555556	0.4754525	0.3125	0.564103	0.4383015	0.510204	0.526316	0.51826	0.466667	0.555556	0.5111115	-	10	EarlyNEstNLateUp	Petrol	0.27365	0.0298	0.00005
Tnfaip3	2.7025	2.7236	3.5498	0.512821	1	0.7564105	0.48	0.846154	0.663077	0.566667	1	0.7833335	0.553719	1	0.7768595	0.530864	0.846154	0.688509	0.611111	1	0.8055555	-	16	AllVUp	DarkPurple	0.00005	0.00005	0.00005
Ifit1	1.6311	2.7371	0.9567	0	0	0	0	0	0	0	0	0	0	0	0	0	0	0	0	0	0	+	12	EarlyNEstUpLateN	LightBlue	0.00005	0.00005	0.00005
Mgl2	-0.0904	3.2636	4.9845	0	0	0	0	0	0	0	0	0	0	0	0	0	0	0	0	0	0	+	14	EarlyNEstUpLateUp	DarkBlue	1	0.00185	0.25935
Ptgir	1.2566	1.3139	1.8781	0.45993	0.496638	0.4728136667	0.480363	0.491061	0.4851683333	0.451602	0.474777	0.4647973333	0.496638	0.496638	0.496638	0.480363	0.480363	0.480363	0.474777	0.474777	0.474777	+	15	AllMildUp	SeaBlue	0.0001	0.00005	0.00005
Crabp2	0.8523	0.2533	1.563	0	0	0	0	0	0	0	0	0	0	0	0	0	0	0	0	0	0	+	10	EarlyNEstNLateUp	Petrol	0.0039	0.2561	0.00005
Egr1	-0.0777	2.1093	-0.2844	0.52238	0.75	0.651077	0.465116	0.6	0.5198316667	0.448276	0.590909	0.5166076667	0	0.75	0.5133654	0	0.6	0.392821	0.4	0.641509	0.5417202	+	13	EarlyNEstUpLateLow	Blue	0.71155	0.00005	0.11885
Tspan32	0.3222	1.8396	0.9633	0	0	0	0	0	0	0	0	0	0	0	0	0	0	0	0	0	0	+	12	EarlyNEstUpLateN	LightBlue	1	0.0033	0.05425
Traf1	1.4146	0.4756	3.0802	0	0	0	0	0	0	0	0	0	0	0	0	0	0	0	0	0	0	-	15	AllMildUp	SeaBlue	0.0036	0.20115	0.00005
Ccl9	-0.0002	-0.6348	1.6249	0	0	0	0	0	0	0	0	0	0	0	0	0	0	0	0	0	0	-	10	EarlyNEstNLateUp	Petrol	0.9991	0.00295	0.00005
Sfrp4	-1.2821	-1.7986	0.8965	0.422705	0.555556	0.4891305	0.2	0.415842	0.307921	0	0.534137	0.2670685	0.450704	0.589744	0.5411956	0.2	0.681818	0.4103704	0	0.666667	0.4111752	+	8	EarlyLowEstVLowLateLow	LightGreenUp	0.01865	0.00005	0.05095
Hapln1	-1.4851	-0.359	-2.263	0	0	0	0	0	0	0	0	0	0	0	0	0	0	0	0	0	0	+	7	EarlyLowEstNLateLow	LightGreen	0.00005	0.2942	0.00005
Cldn1	0.969	2.0567	1.0675	0	0	0	0	0	0	0	0	0	0	0	0	0	0	0	0	0	0	-	12	EarlyNEstUpLateN	LightBlue	0.00235	0.00005	0.00005
Ms4a6c	1.4197	1.5741	1.6461	0	0	0	0	0	0	0	0	0	0	0	0	0	0	0	0	0	0	+	15	AllMildUp	SeaBlue	0.0459	0.0015	0.0128
Tyrobp	-0.3512	0.6808	1.72	0	0	0	0	0	0	0	0	0	0	0	0	0	0	0	0	0	0	+	10	EarlyNEstNLateUp	Petrol	0.47225	0.00385	0.00005
Etv4	0.5338	1.7154	0.5859	0.25	0.553571	0.4315996667	0.3125	0.444444	0.3757713333	0.153846	0.388889	0.2981956667	0.491228	0.491228	0.491228	0.3125	0.3125	0.3125	0.351852	0.351852	0.351852	-	12	EarlyNEstUpLateN	LightBlue	0.05145	0.00005	0.0133
Lrig1	1.1075	1.8969	1.4122	0.285714	0.572072	0.4638005	0.309524	0.769231	0.50694375	0.142857	0.475	0.30532875	0.285714	0.325581	0.3056475	0.391304	0.769231	0.5802675	0.153846	0.568182	0.361014	-	15	AllMildUp	SeaBlue	0.0001	0.00005	0.00005
Cxcl3	2.1713	1.8034	3.383	0	0	0	0	0	0	0	0	0	0	0	0	0	0	0	0	0	0	+	16	AllVUp	DarkPurple	0.00005	0.00005	0.00005
Stmn2	-0.0073	1.7101	-0.4781	0	0	0	0	0	0	0	0	0	0	0	0	0	0	0	0	0	0	+	13	EarlyNEstUpLateLow	Blue	0.99045	0.00135	0.2225
Nkd1	-1.8121	-1.4829	-2.188	0.454545	0.651515	0.55303	0.388889	0.666667	0.527778	0.266667	0.5	0.3833335	0.651515	0.651515	0.651515	0.388889	0.388889	0.388889	0.5	0.5	0.5	+	4	AllVLow	Yellow	0.00005	0.00005	0.00005
Ppp2r2b	-2.4333	-2.8528	-2.4504	0.424284	0.513889	0.473169	0.50116	0.555835	0.5359863333	0.422917	0.477588	0.4562023333	0	0	0	0	0	0	0	0	0	-	4	AllVLow	Yellow	0.0001	0.00015	0.0014
Pla2g4c	0.7725	0.8113	1.5134	0	0	0	0	0	0	0	0	0	0	0	0	0	0	0	0	0	0	+	15	AllMildUp	SeaBlue	0.1096	0.07155	0.00085
Ramp2	-1.9517	-1.6432	-2.1585	0.5	0.571429	0.5357145	0.461538	0.5	0.480769	0.333333	0.352941	0.343137	0.5	0.606557	0.5532785	0.5	0.72973	0.614865	0.0851064	0.352941	0.2190237	+	4	AllVLow	Yellow	0.0001	0.0025	0.00005
Oas1a	1.9487	2.0045	1.874	0	0	0	0	0	0	0	0	0	0	0	0	0	0	0	0	0	0	-	15	AllMildUp	SeaBlue	0.00015	0.00005	0.0003
Stk32b	-1.8345	-0.216	-2.8565	0	0.571429	0.432687	0.428571	0.686275	0.514413	0.473684	0.638298	0.5182508889	0	0.571429	0.2857145	0.428571	0.545455	0.487013	0.473684	0.5	0.486842	-	4	AllVLow	Yellow	1	1	0.00025
Cd33	0.8514	1.5554	2.0847	0	0	0	0	0	0	0	0	0	0	0	0	0	0	0	0	0	0	-	15	AllMildUp	SeaBlue	1	0.00235	0.002
Cck	2.9721	2.0742	1.5471	0.523297	0.590909	0.5515823333	0.387097	0.481481	0.441907	0.465116	0.678571	0.5679903333	0.540541	0.540541	0.540541	0.481481	0.481481	0.481481	0.465116	0.465116	0.465116	-	16	AllVUp	DarkPurple	0.00945	0.0004	0.0749
Lect1	-4.71	-4.6868	-3.8233	0.517241	0.540541	0.5309566667	0.269841	0.538462	0.419972	0.521127	0.581081	0.5513106667	0.535088	0.535088	0.535088	0.451613	0.451613	0.451613	0.521127	0.521127	0.521127	-	2	AllExtremelyLow	DarkOrange	0.00065	0.07185	0.00005
Cxcl9	4.0614	3.7489	4.2129	0	0	0	0	0	0	0	0	0	0	0	0	0	0	0	0	0	0	-	18	AllVUp	Pink	0.00005	0.00005	0.00005
Fzd9	-2.1046	-1.4741	-2.7163	0.505913	0.516949	0.511431	0.396396	0.464824	0.43061	0.491847	0.576	0.5339235	0.516949	0.559579	0.538264	0.396396	0.407796	0.402096	0.501385	0.576	0.5386925	-	4	AllVLow	Yellow	0.0001	0.0075	0.00005
Tnfsf13b	0.897	0.8753	1.6601	0	0	0	0	0	0	0	0	0	0	0	0	0	0	0	0	0	0	+	15	AllMildUp	SeaBlue	0.04225	0.0185	0.00005
Itgb2	0.117	1.0842	2.1006	0	0	0	0	0	0	0	0	0	0	0	0	0	0	0	0	0	0	+	10	EarlyNEstNLateUp	Petrol	0.74615	0.00005	0.00005
Scg2	-3.3316	-2.9243	-3.6363	0	0	0	0	0	0	0	0	0	0	0	0	0	0	0	0	0	0	-	2	AllExtremelyLow	DarkOrange	0.00005	0.00005	0.00005
Relb	1.3116	1.0776	1.5364	0.2	0.567901	0.4778988333	0.2	0.543875	0.4013851667	0.484785	0.642857	0.5758645	0.2	0.657143	0.4285715	0.2	0.736842	0.468421	0.324324	0.642857	0.4835905	-	15	AllMildUp	SeaBlue	0.00005	0.00005	0.00005
Col6a4	2.954	3.2044	1.6366	0	0	0	0	0	0	0	0	0	0	0	0	0	0	0	0	0	0	-	17	EarlyUpEstablishedUpLateN	Purple	0.0001	0.00015	1
Cml3	-1.7078	-2.633	-1.7255	0	0	0	0	0	0	0	0	0	0	0	0	0	0	0	0	0	0	-	3	EarlyVLowEstVLowLateLow	Orange	0.00505	0.00005	0.00145
Htr1b	0.5585	2.037	-0.0899	0.5	0.610879	0.5402276667	0.346154	0.647887	0.4980136667	0.489796	0.611111	0.56385	0.5	0.509804	0.504902	0.346154	0.647887	0.4970205	0.489796	0.611111	0.5504535	-	12	EarlyNEstUpLateN	LightBlue	0.0834	0.00005	0.73875
Mmp12	0.4322	2.2407	2.4248	0	0	0	0	0	0	0	0	0	0	0	0	0	0	0	0	0	0	+	15	AllMildUp	SeaBlue	0.33855	0.00005	0.00015
Apol8	0.4121	2.5005	-1.0528	0	0	0	0	0	0	0	0	0	0	0	0	0	0	0	0	0	0	-	13	EarlyNEstUpLateLow	Blue	1	0.00005	0.0503
Ppp1r3g	0.5266	0.1776	2.0578	0.508772	0.64	0.5752316667	0.447077	0.764706	0.5705943333	0.409836	0.692308	0.5310643333	0.576923	0.576923	0.576923	0.5	0.5	0.5	0.409836	0.409836	0.409836	+	10	EarlyNEstNLateUp	Petrol	0.29885	0.72115	0.001
Mctp1	1.6754	1.7751	1.929	0.466155	0.560781	0.5110725	0.4	0.530356	0.4681348	0.403721	0.653846	0.49369455	0.478261	0.555556	0.5169085	0.4	0.571429	0.4857145	0.351351	0.653846	0.5025985	+	15	AllMildUp	SeaBlue	1	0.00025	0.0008
Tmem151b	0.9599	0.9481	2.0526	0.444444	0.568421	0.5024660909	0.25	0.525424	0.4312690909	0.490481	0.612524	0.54027	0.4	0.444444	0.4296293333	0.25	0.378378	0.3205703333	0.55814	0.6	0.5860466667	-	15	AllMildUp	SeaBlue	0.0394	0.0352	0.00005
Hbegf	0.4303	2.005	0.1763	0.333333	0.477273	0.405303	0.466667	0.6	0.5333335	0.44	0.538462	0.489231	0.333333	0.598039	0.465686	0.490909	0.6	0.5454545	0.506329	0.538462	0.5223955	-	12	EarlyNEstUpLateN	LightBlue	0.04675	0.00005	0.36425
Cyth4	0.3799	0.6827	1.7998	0	0	0	0	0	0	0	0	0	0	0	0	0	0	0	0	0	0	+	10	EarlyNEstNLateUp	Petrol	0.3025	0.0056	0.00005
Syt6	-1.4976	-1.787	-0.4126	0.545455	0.59772	0.5715875	0.413953	0.48	0.4469765	0.5	0.508571	0.5042855	0.416667	0.545455	0.481061	0.443478	0.48	0.461739	0.458333	0.5	0.4791665	+	8	EarlyLowEstVLowLateLow	LightGreenUp	0.0022	0.0014	1
Lbp	0.6303	0.6918	1.9902	0	0	0	0	0	0	0	0	0	0	0	0	0	0	0	0	0	0	+	15	AllMildUp	SeaBlue	0.00865	0.0003	0.00005
Dram1	1.0568	0.8465	1.8589	0.4	0.572816	0.486408	0.4	0.468085	0.4340425	0.25	0.48	0.365	0.4	0.556485	0.4782425	0.4	0.425	0.4125	0.25	0.546763	0.3983815	-	15	AllMildUp	SeaBlue	0.00005	0.00005	0.00005
Aldoc	0.9442	0.7454	1.6358	0.511461	0.511461	0.511461	0.460949	0.460949	0.460949	0.526627	0.526627	0.526627	0	0	0	0	0	0	0	0	0	+	15	AllMildUp	SeaBlue	0.0316	0.0181	0.0003
Acsbg1	0.8134	0.9572	1.5273	0	0	0	0	0	0	0	0	0	0	0	0	0	0	0	0	0	0	-	15	AllMildUp	SeaBlue	0.0568	0.02395	0.0007
Errfi1	0.6098	1.7411	0.8331	0.142857	0.425	0.2839285	0.481481	0.923077	0.702279	0.222222	0.513514	0.367868	0.142857	0.492248	0.3175525	0.392962	0.923077	0.6580195	0.222222	0.5225	0.372361	+	12	EarlyNEstUpLateN	LightBlue	0.0042	0.00005	0.00005
Lgi2	0.6158	0.6635	2.0374	0.47541	0.545455	0.5104325	0.410714	0.461538	0.436126	0.333333	0.5	0.4166665	0.505908	0.545455	0.5256815	0.449857	0.461538	0.4556975	0.333333	0.489362	0.4113475	-	15	AllMildUp	SeaBlue	0.0873	0.03335	0.00005
Enpep	-1.7091	-1.1423	-0.8574	0	0	0	0	0	0	0	0	0	0	0	0	0	0	0	0	0	0	-	6	AllLow	VeryLightGreen	0.00005	0.0008	0.00355
2610507I01Rik	-0.0143	-1.5543	-0.7984	0.486111	0.736842	0.6114765	0.311111	1	0.6555555	0.375	0.612245	0.4936225	0.510309	0.736842	0.5957936667	0.410256	1	0.624147	0.375	0.607477	0.4898526667	-	6	AllLow	VeryLightGreen	0.9647	0.00005	0.01025
Igfbp2	-2.2092	-1.0651	-1.8793	0.362069	0.571429	0.4380386	0.383562	0.875	0.5618956	0.142857	0.625	0.4089426	0.362069	0.571429	0.456803	0.383562	0.875	0.5783683333	0.142857	0.517241	0.391253	+	4	AllVLow	Yellow	0.00005	0.00005	0.00005
Spef2	-1.0956	-1.8368	-1.6878	0	0	0	0	0	0	0	0	0	0	0	0	0	0	0	0	0	0	-	4	AllVLow	Yellow	0.06975	0.00405	0.00155
Sema7a	0.9026	1.5702	0.5557	0.597345	0.6	0.5986725	0.444444	0.528571	0.4865075	0.366667	0.555556	0.4611115	0.6	0.612903	0.6064515	0.258065	0.444444	0.3512545	0.366667	0.479452	0.4230595	+	12	EarlyNEstUpLateN	LightBlue	0.00005	0.00005	0.0107
Clec4n	1.0276	2.908	4.2294	0	0	0	0	0	0	0	0	0	0	0	0	0	0	0	0	0	0	+	14	EarlyNEstUpLateUp	DarkBlue	0.0867	0.00005	0.21135
Apol10b	1.0062	1.5676	0.8332	0	0	0	0	0	0	0	0	0	0	0	0	0	0	0	0	0	0	-	12	EarlyNEstUpLateN	LightBlue	0.0224	0.00005	0.02875
Otor	-2.5084	-0.8529	-0.0363	0	0	0	0	0	0	0	0	0	0	0	0	0	0	0	0	0	0	+	6	AllLow	VeryLightGreen	0.0001	0.08735	0.93195
Cldn10	-1.348	-0.7914	-2.296	0.488333	0.818182	0.6100333333	0.358566	0.5	0.4290456667	0.285714	0.608696	0.4791056667	0.488333	0.818182	0.6532575	0.358566	0.5	0.429283	0.285714	0.608696	0.447205	+	4	AllVLow	Yellow	0.0136	0.1697	0.0001
Amph	1.5535	2.3876	2.0567	0.449393	0.727273	0.588333	0.485876	0.692308	0.589092	0.357143	0.567708	0.4624255	0.313725	0.727273	0.520499	0.692308	0.714286	0.703297	0.357143	0.357143	0.357143	+	15	AllMildUp	SeaBlue	0.0029	0.0001	0.0001
Coch	-0.7456	-0.4953	-2.3303	0.53949	0.833333	0.6864115	0.469586	0.555556	0.512571	0.52306	0.708333	0.6156965	0.616162	0.833333	0.7247475	0.220339	0.555556	0.3879475	0.428571	0.708333	0.568452	+	4	AllVLow	Yellow	0.0021	0.04475	0.00005
Chrdl1	-2.5943	-2.2865	-1.3018	0.440367	0.607143	0.5233106667	0.454545	0.526316	0.501711	0.378788	0.460237	0.4263416667	0.440367	0.440367	0.440367	0.524272	0.524272	0.524272	0.378788	0.378788	0.378788	-	4	AllVLow	Yellow	0.00005	0.00005	0.00005
Gramd2	-1.6218	-1.9426	-1.597	0	0	0	0	0	0	0	0	0	0	0	0	0	0	0	0	0	0	+	4	AllVLow	Yellow	0.001	0.00005	0.00035
Cyp4f14	-1.617	-2.042	-1.0803	0	0	0	0	0	0	0	0	0	0	0	0	0	0	0	0	0	0	-	4	AllVLow	Yellow	1	0.0022	0.03545
Sema3c	1.2013	1.7927	0.6238	0.463171	0.583333	0.5017242	0	0.538176	0.3794498	0.1	0.504241	0.3784432	0.5	0.573529	0.5367645	0	0.4625	0.23125	0.1	0.494118	0.297059	+	12	EarlyNEstUpLateN	LightBlue	0.00005	0.00005	0.0002
Naip5	0.3582	1.6573	1.4435	0.446009	0.517012	0.4793263333	0.436725	0.509162	0.4774024444	0.458617	0.559825	0.5181545556	0	0	0	0	0	0	0	0	0	-	12	EarlyNEstUpLateN	LightBlue	1	0.00215	1
Tnip3	4.1705	1.5088	3.932	0	0	0	0	0	0	0	0	0	0	0	0	0	0	0	0	0	0	+	18	AllVUp	Pink	0.00005	0.0002	0.00005
Scin	-0.4766	0.7125	3.9529	0.4	0.427586	0.413793	0.432836	0.5	0.466418	0.67	1	0.835	0.4	0.540952	0.470476	0.5	0.512088	0.506044	0.54065	1	0.770325	-	11	EarlyLEstLLateVeryUp	VeryLightBlue	0.28255	0.0408	0.00025
Parp14	1.4752	1.5036	1.5809	0.25	0.514286	0.382143	0.361111	0.6	0.4805555	0.472727	0.5	0.4863635	0.25	0.570605	0.4103025	0.401639	0.6	0.5008195	0.5	0.577406	0.538703	-	15	AllMildUp	SeaBlue	0.00005	0.00005	0.00005
Ly86	0.7102	1.6263	1.6398	0	0	0	0	0	0	0	0	0	0	0	0	0	0	0	0	0	0	+	12	EarlyNEstUpLateN	LightBlue	1	0.00405	0.02385
Nod2	2.2301	1.7398	2.9987	0	0	0	0	0	0	0	0	0	0	0	0	0	0	0	0	0	0	+	16	AllVUp	DarkPurple	0.0001	0.00095	0.00005
Pik3ap1	-0.027	0.9339	1.5059	0.2	0.5	0.3794822	0.272727	0.52546	0.4384752	0.476905	0.666667	0.5450226	0.2	0.426415	0.3132075	0.272727	0.421569	0.347148	0.513889	0.666667	0.590278	-	10	EarlyNEstNLateUp	Petrol	0.9484	0.0006	0.00135
Lcp2	0.0174	0.5896	2.643	0	0	0	0	0	0	0	0	0	0	0	0	0	0	0	0	0	0	+	10	EarlyNEstNLateUp	Petrol	0.96895	0.04755	0.00025
Bend5	0.5651	1.2924	2.3886	0.261905	0.538272	0.4445836471	0.307692	1	0.5089735294	0.25641	0.52	0.4666046471	0.347826	0.384615	0.3662205	0.307692	0.454545	0.3811185	0.25641	0.52	0.388205	+	10	EarlyNEstNLateUp	Petrol	0.25525	0.01695	0.0002
Spint2	1.3434	2.0459	2.174	0.421053	0.510373	0.465713	0.429806	0.611111	0.5204585	0.5	0.542132	0.521066	0.421053	0.545537	0.483295	0.459251	0.611111	0.535181	0.5	0.543827	0.5219135	-	15	AllMildUp	SeaBlue	0.00445	0.00005	0.00005
Ntn1	1.5508	1.7106	1.3476	0.445678	0.503268	0.479595	0.415929	0.510829	0.4641252	0.462668	0.64415	0.5394608	0.503268	0.538462	0.520865	0.415929	0.419355	0.417642	0.367347	0.544379	0.455863	-	15	AllMildUp	SeaBlue	0.00005	0.00005	0.00005
Sema4d	-0.1577	0.8441	1.9481	0.5	0.562044	0.531022	0.429825	0.470588	0.4502065	0.465517	0.510638	0.4880775	0.232558	0.5	0.366279	0.428571	0.470588	0.4495795	0.361111	0.465517	0.413314	-	10	EarlyNEstNLateUp	Petrol	0.63775	0.00045	0.00005
Cntn2	-0.716	-1.6188	-1.4519	0	0.483871	0.2419355	0.2	0.585366	0.392683	0.285714	0.457627	0.3716705	0	0.382716	0.191358	0.2	0.456522	0.328261	0.285714	0.585366	0.43554	-	6	AllLow	VeryLightGreen	0.02125	0.00005	0.00005
Fmnl1	0.66	0.9342	1.5642	0.477544	0.581509	0.538203	0.368421	0.471299	0.4337526667	0.53203	0.582192	0.551963	0.555556	0.605263	0.5804095	0.368421	0.384615	0.376518	0.521739	0.541667	0.531703	+	15	AllMildUp	SeaBlue	0.09985	0.00105	0.00025
Irgm1	1.2636	1.5843	0.8546	0	0	0	0	0	0	0	0	0	0	0	0	0	0	0	0	0	0	-	12	EarlyNEstUpLateN	LightBlue	0.00005	0.00005	0.00005
Matn4	-2.5809	-2.1535	-2.129	0.2	1	0.5199385556	0.333333	1	0.4710499444	0	0.591755	0.467518	0.2	0.5	0.35	0.363636	0.444444	0.40404	0.125	0.433333	0.2791665	-	4	AllVLow	Yellow	0.00005	0.00005	0.00005
Nog	-1.8484	-1.411	-1.3306	0.461538	0.692308	0.60429475	0.5	0.6875	0.601497	0.393939	0.6	0.5450365	0.480769	0.583333	0.532051	0.608696	0.647059	0.6278775	0.288889	0.6	0.4444445	-	4	AllVLow	Yellow	0.00105	0.001	0.00005
C4b	-0.8472	-1.8012	1.5186	0	0	0	0	0	0	0	0	0	0	0	0	0	0	0	0	0	0	-	8	EarlyLowEstVLowLateLow	LightGreenUp	0.1079	0.00005	0.00005
Rnf180	1.0142	1.1731	1.8834	0.474409	0.474409	0.474409	0.454545	0.454545	0.454545	0.561404	0.561404	0.561404	0.4	0.489051	0.4544866667	0.333333	0.590909	0.4595956667	0.508696	0.777778	0.6159593333	-	15	AllMildUp	SeaBlue	0.02075	0.00125	0.00005
Grem1	0.9731	2.5113	0.4782	0.47619	0.548387	0.5122885	0.5	0.533333	0.5166665	0.2	0.590909	0.3954545	0.515789	0.548387	0.532088	0.441281	0.5	0.4706405	0.590909	0.592308	0.5916085	-	12	EarlyNEstUpLateN	LightBlue	0.00045	0.00005	0.0413
Trim30d	1.8737	2.9118	0.918	0.530612	0.615385	0.581999	0.533333	0.807692	0.6632246667	0.517241	0.659574	0.600605	0	0	0	0	0	0	0	0	0	-	12	EarlyNEstUpLateN	LightBlue	0.10025	0.00005	0.01365
Tnfsf4	1.8507	4.2686	0.8129	0	0	0	0	0	0	0	0	0	0	0	0	0	0	0	0	0	0	+	17	EarlyUpEstablishedUpLateN	Purple	1	0.00245	1
Pax1	-1.1565	-1.2647	-2.4788	0.491176	0.518868	0.505022	0.454545	0.51831	0.4864275	0.441558	0.447059	0.4443085	0.518868	0.596774	0.557821	0.454545	0.514286	0.4844155	0.441558	0.510204	0.475881	+	4	AllVLow	Yellow	0.02255	0.0168	0.00005
Il10ra	0.9271	1.6302	1.7655	0	0.488673	0.3736918	0.425926	0.523891	0.4743418	0	0.678457	0.4066062	0	0.514076	0.257038	0.410509	0.454545	0.432527	0	0.525912	0.262956	-	15	AllMildUp	SeaBlue	1	0.0001	0.00375
Tnfrsf19	-1.6444	-0.639	-0.0503	0.111111	0.592593	0.4224208333	0	0.428571	0.2562783333	0.2	0.640693	0.429224	0.492537	0.492537	0.492537	0.428571	0.428571	0.428571	0.507246	0.507246	0.507246	-	6	AllLow	VeryLightGreen	0.00015	0.1549	0.91015
Unc13c	1.261	2.1724	1.2911	0.439834	0.52924	0.489652	0.438679	0.565574	0.4958704167	0.370667	0.551304	0.4761993333	0	0	0	0	0	0	0	0	0	-	15	AllMildUp	SeaBlue	0.0056	0.0006	0.0029
Arsi	-1.2262	-1.7312	-0.5344	0.562674	0.647887	0.6052805	0.355805	0.470588	0.4131965	0.519481	0.577982	0.5487315	0.520626	0.647887	0.5842565	0.348946	0.470588	0.409767	0.519481	0.553398	0.5364395	+	8	EarlyLowEstVLowLateLow	LightGreenUp	0.00005	0.00005	0.0049
Atp6v0d2	-0.3227	0.5302	2.9861	0	0	0	0	0	0	0	0	0	0	0	0	0	0	0	0	0	0	-	10	EarlyNEstNLateUp	Petrol	0.36965	0.0236	0.00005
Dner	-0.6453	0.3773	-2.2536	0.414226	0.833333	0.5383292	0.480932	1	0.647221	0.454271	0.653333	0.5238534	0.466814	0.833333	0.5931416	0.428295	1	0.5741642	0.515244	0.608059	0.5557278	-	7	EarlyLowEstNLateLow	LightGreen	0.14045	0.40155	0.00005
Flt1	2.2085	1.9033	1.508	0.466667	0.574257	0.520462	0.454545	0.578947	0.516746	0.355556	0.504673	0.4301145	0.466667	0.572816	0.5197415	0.455696	0.578947	0.5173215	0.355556	0.54902	0.452288	-	15	AllMildUp	SeaBlue	0.00005	0.0027	0.00005
Fam107a	0.8812	-0.3228	2.0523	0	0	0	0	0	0	0	0	0	0	0	0	0	0	0	0	0	0	-	10	EarlyNEstNLateUp	Petrol	1	1	0.00015
Arhgap22	0.9553	1.7109	1.1124	0.4	0.644809	0.5277476667	0.222222	0.559524	0.4483233333	0.454545	0.678571	0.5468046667	0	0	0	0	0	0	0	0	0	+	15	AllMildUp	SeaBlue	0.0013	0.00005	0.00005
1810011H11Rik	0.7626	2.2528	1.2959	0	0	0	0	0	0	0	0	0	0	0	0	0	0	0	0	0	0	+	12	EarlyNEstUpLateN	LightBlue	1	0.0003	0.24685
Tnfrsf14	1.1849	1.3335	1.8869	0	0	0	0	0	0	0	0	0	0	0	0	0	0	0	0	0	0	-	15	AllMildUp	SeaBlue	0.00185	0.0003	0.00005
Foxa1	-1.1038	-2.8054	-2.0066	0.450331	0.579545	0.4987036667	0.333333	0.481818	0.3946956667	0.363636	0.57554	0.4464341667	0.431373	0.5	0.4656865	0.4	0.411765	0.4058825	0.4	0.588235	0.4941175	-	4	AllVLow	Yellow	1	0.0003	1
Snx20	0.1127	0.873	2.2919	0.565657	0.655172	0.6028613333	0.258993	0.738676	0.4851266667	0.619048	0.763636	0.6928533333	0	0	0	0	0	0	0	0	0	-	10	EarlyNEstNLateUp	Petrol	1	0.05065	0.00135
Birc3	1.1508	1.0676	1.5604	0	0.54902	0.364825	0.377358	0.5	0.4275876667	0.377778	0.697368	0.5250486667	0.54902	0.54902	0.54902	0.377358	0.377358	0.377358	0.697368	0.697368	0.697368	-	15	AllMildUp	SeaBlue	0.00005	0.00005	0.00005
Comp	-2.1688	-2.1063	-1.1991	0.452326	0.536346	0.5040475	0.383929	0.482278	0.441193375	0.450292	0.554675	0.525414875	0.501887	0.534591	0.515863	0.37037	0.408046	0.3874483333	0.414286	0.485981	0.4501863333	+	4	AllVLow	Yellow	0.00005	0.00005	0.00005
Nrip3	-1.7589	-1.8702	-2.2691	0.355556	0.684211	0.5198835	0.363636	0.37037	0.367003	0.44	0.444444	0.442222	0.372093	0.684211	0.528152	0.236842	0.363636	0.300239	0.352941	0.44	0.3964705	-	4	AllVLow	Yellow	1	1	0.0001
Pgam2	-1.6576	-1.4304	-0.963	0	0	0	0	0	0	0	0	0	0	0	0	0	0	0	0	0	0	-	4	AllVLow	Yellow	0.00025	0.00005	0.00755
Tifab	0.5263	2.034	1.9201	0	0	0	0	0	0	0	0	0	0	0	0	0	0	0	0	0	0	-	15	AllMildUp	SeaBlue	1	0.00065	1
Scn3a	-0.7393	-0.9637	-2.164	0	0	0	0	0	0	0	0	0	0	0	0	0	0	0	0	0	0	-	4	AllVLow	Yellow	0.0757	0.0116	0.00005
Ccl12	1.4909	2.6008	3.777	0	0	0	0	0	0	0	0	0	0	0	0	0	0	0	0	0	0	+	16	AllVUp	DarkPurple	1	0.00005	0.00375
Tgm2	0.863	0.2857	1.8691	0.488095	0.714286	0.6011905	0.514286	0.833333	0.6738095	0	0.3875	0.19375	0.5	0.714286	0.607143	0.488636	0.833333	0.6609845	0	0.493506	0.246753	-	15	AllMildUp	SeaBlue	0.00095	0.1573	0.00005
Irs3	-1.2211	-1.8906	-0.7619	0.473684	0.501144	0.4855086667	0.376168	0.462741	0.4184466667	0.475543	0.561772	0.5296043333	0.473684	0.473684	0.473684	0.376168	0.376168	0.376168	0.561772	0.561772	0.561772	-	8	EarlyLowEstVLowLateLow	LightGreenUp	1	0.00285	0.1014
Sh3rf2	-1.2716	-1.7079	-0.8533	0	0	0	0	0	0	0	0	0	0	0	0	0	0	0	0	0	0	+	8	EarlyLowEstVLowLateLow	LightGreenUp	0.0077	0.00035	0.0289
G0s2	-0.9099	-1.5712	-1.7002	0	0	0	0	0	0	0	0	0	0	0	0	0	0	0	0	0	0	-	6	AllLow	VeryLightGreen	0.1861	0.0005	0.0203
Prdm6	-2.123	-0.9624	-4.4788	0.407407	0.481881	0.4584145	0.330769	0.657143	0.4839721667	0.358974	0.582645	0.4636883333	0.407407	0.777778	0.5156056	0.477273	0.657143	0.5416312	0.142857	0.5575	0.4065298	+	4	AllVLow	Yellow	0.0005	0.15325	0.00005
Lgr5	-0.6791	0.5819	-1.8841	0.444674	0.512821	0.47975	0.446429	0.714286	0.5304426	0.444444	0.527115	0.5021868	0.5	0.5	0.5	0.369004	0.714286	0.541645	0.444444	0.523333	0.4838885	-	7	EarlyLowEstNLateLow	LightGreen	0.00595	0.00585	0.00005
Sox9	-1.328	-1.9465	-1.1563	0.428571	0.551676	0.478018	0.2	0.493123	0.383252125	0.421053	0.560907	0.514112125	0.428571	0.540541	0.4767953333	0.263158	0.418886	0.3261133333	0.483871	0.589212	0.543741	+	4	AllVLow	Yellow	0.00005	0.00005	0.00005
Apol9a	0.8552	1.5715	0.7278	0	0	0	0	0	0	0	0	0	0	0	0	0	0	0	0	0	0	-	12	EarlyNEstUpLateN	LightBlue	0.0085	0.00005	0.00565
Angptl4	0.5148	-0.6488	2.0579	0.382979	0.595238	0.4594056667	0	0.534884	0.3382946667	0.5	0.603774	0.5345913333	0.382979	0.382979	0.382979	0.534884	0.534884	0.534884	0.603774	0.603774	0.603774	-	10	EarlyNEstNLateUp	Petrol	0.0316	0.00055	0.00005
Slc26a7	-1.6627	-0.6919	-0.0031	0	0	0	0	0	0	0	0	0	0	0	0	0	0	0	0	0	0	-	6	AllLow	VeryLightGreen	0.0015	0.09185	0.99315
Ms4a6b	1.3496	2.7928	1.8449	0	0	0	0	0	0	0	0	0	0	0	0	0	0	0	0	0	0	+	16	AllVUp	DarkPurple	1	0.0002	0.019
Fcgr3	1.3524	1.7217	1.6607	0	0	0	0	0	0	0	0	0	0.50916	0.516415	0.5127875	0.419039	0.44569	0.4323645	0.520904	0.570382	0.545643	-	15	AllMildUp	SeaBlue	0.0153	0.00005	0.00025
Gbp5	1.2288	1.2667	2.2427	0	0	0	0	0	0	0	0	0	0	0	0	0	0	0	0	0	0	+	15	AllMildUp	SeaBlue	0.00125	0.00015	0.00005
F830016B08Rik	1.9838	2.1178	1.8592	0	0	0	0	0	0	0	0	0	0	0	0	0	0	0	0	0	0	+	15	AllMildUp	SeaBlue	0.00005	0.00025	0.00005
Rtn1	1.1175	1.8258	2.5741	0.25	0.56	0.4718965556	0.333333	0.842105	0.5318815556	0.133333	0.705882	0.4660632222	0.56	0.56	0.56	0.55	0.55	0.55	0.395349	0.395349	0.395349	-	15	AllMildUp	SeaBlue	1	1	0.0003
Galnt9	-4.28	-4.8781	-3.6224	0.625	0.628205	0.6266025	0.43	0.823529	0.6267645	0.285714	0.544643	0.4151785	0	0	0	0	0	0	0	0	0	+	2	AllExtremelyLow	DarkOrange	0.00005	0.00005	0.00005
Ngf	0.6149	1.8055	0.6086	0.307692	0.333333	0.3205125	0.172414	0.5	0.336207	0.307692	0.545455	0.4265735	0.307692	0.55	0.428846	0.25	0.5	0.375	0.307692	0.313725	0.3107085	+	12	EarlyNEstUpLateN	LightBlue	0.0198	0.00005	0.0069
Clec4d	1.0593	1.7841	2.1823	0	0	0	0	0	0	0	0	0	0	0	0	0	0	0	0	0	0	+	15	AllMildUp	SeaBlue	0.05515	0.00005	0.0002
Ibsp	-3.9649	-4.1315	-0.4076	0	0	0	0	0	0	0	0	0	0	0	0	0	0	0	0	0	0	+	3	EarlyVLowEstVLowLateLow	Orange	0.00005	0.00005	0.17125
Fgfr3	-2.7858	-2.389	-2.2727	0.478333	0.490446	0.4843895	0.370732	0.397727	0.3842295	0.441536	0.470886	0.456211	0.478333	0.487062	0.4826975	0.370732	0.41954	0.395136	0.441536	0.546448	0.493992	+	4	AllVLow	Yellow	0.00005	0.00005	0.00005
Myo1g	0.579	1.0387	1.8506	0	0	0	0	0	0	0	0	0	0	0	0	0	0	0	0	0	0	-	15	AllMildUp	SeaBlue	0.24705	0.0034	0.0006
Slc39a4	1.5806	2.4547	2.0916	0	0	0	0	0	0	0	0	0	0	0	0	0	0	0	0	0	0	-	15	AllMildUp	SeaBlue	1	0.00125	1
Ninl	0.7991	0.8274	1.5873	0.333333	0.531306	0.4323195	0.442244	1	0.721122	0.4	0.622449	0.5112245	0.333333	0.4	0.3666665	0.594595	1	0.7972975	0.4	0.423077	0.4115385	-	15	AllMildUp	SeaBlue	0.00365	0.00235	0.00005
Sned1	-1.0144	-1.617	0.3961	0.222222	0.522248	0.372235	0.465696	0.6	0.532848	0.210526	0.574074	0.3923	0.222222	0.558621	0.3904215	0.307692	0.6	0.453846	0.210526	0.48	0.345263	+	8	EarlyLowEstVLowLateLow	LightGreenUp	0.0187	0.00005	0.20975
Ano5	-1.7955	0.13	-1.9443	0.422222	0.777778	0.589669	0.333333	0.5	0.433438	0.428571	0.587755	0.5205936667	0.569007	0.569007	0.569007	0.466981	0.466981	0.466981	0.587755	0.587755	0.587755	+	7	EarlyLowEstNLateLow	LightGreen	0.00005	1	0.00005
Ucma	-1.5414	0.6078	-2.0109	0	0	0	0	0	0	0	0	0	0	0	0	0	0	0	0	0	0	+	7	EarlyLowEstNLateLow	LightGreen	0.22305	0.3421	0.0002
Adamts7	1.5928	1.7401	2.0828	0.411765	0.55814	0.4849525	0.208333	0.418605	0.313469	0.595238	0.615385	0.6053115	0.411765	0.553333	0.482549	0.208333	0.462687	0.33551	0.555085	0.615385	0.585235	+	15	AllMildUp	SeaBlue	0.00005	0.00005	0.00005
Bmp2	1.3181	3.6212	1.9195	0.529412	0.706897	0.635883	0.307692	0.526316	0.4145382	0.444444	0.8	0.572831	0.529915	0.706897	0.634493	0.338462	0.526316	0.4521936667	0.530726	0.8	0.6599496667	+	16	AllVUp	DarkPurple	0.02445	0.00005	0.0001
Tmem200a	0.3462	1.6805	0.6956	0.384615	0.523881	0.4561653333	0.285714	0.75	0.5070736667	0.481481	0.552688	0.5113896667	0.46	0.46	0.46	0.285714	0.285714	0.285714	0.481481	0.481481	0.481481	-	12	EarlyNEstUpLateN	LightBlue	0.22195	0.00005	0.01165
Mc5r	1.4625	2.8587	2.1707	0	0	0	0	0	0	0	0	0	0	0	0	0	0	0	0	0	0	+	16	AllVUp	DarkPurple	0.00165	0.00005	0.00005
Aldh1a2	1.0329	0.8449	2.6303	0.552339	0.727273	0.639806	0.419444	0.439024	0.429234	0.488889	0.634615	0.561752	0.474964	0.727273	0.6011185	0.439024	0.448687	0.4438555	0.549708	0.634615	0.5921615	+	15	AllMildUp	SeaBlue	0.00005	0.00005	0.00005
Gjb2	0.1807	2.7316	0.6822	0.5125	0.540541	0.5265205	0.494253	0.5	0.4971265	0.416667	0.632	0.5243335	0.530997	0.540541	0.535769	0.497268	0.5	0.498634	0.416667	0.546392	0.4815295	-	12	EarlyNEstUpLateN	LightBlue	0.56995	0.00005	0.0252
Gbx2	-0.1712	-0.7124	2.2485	0.521739	0.550505	0.536411	0.398031	0.538462	0.4896338	0.454545	0.637138	0.5590374	0.521739	0.57002	0.5458795	0.518293	0.538462	0.5283775	0.454545	0.657841	0.556193	-	10	EarlyNEstNLateUp	Petrol	0.73695	0.0764	0.00025
Apba2	-0.3648	-0.4406	1.6252	0.365385	0.730769	0.512384	0.384615	0.607273	0.531891875	0.431267	0.8	0.564781625	0.357143	0.730769	0.543956	0.347826	0.384615	0.3662205	0.375	0.8	0.5875	+	10	EarlyNEstNLateUp	Petrol	0.44295	0.34555	0.00235
Ggt5	-1.7571	-2.0226	-0.1166	0	0	0	0	0	0	0	0	0	0	0	0	0	0	0	0	0	0	+	6	AllLow	VeryLightGreen	0.00005	0.00005	0.5362
Elovl7	0.6906	-0.2795	1.6598	0.582609	0.6	0.5913045	0.366812	0.6	0.483406	0.428571	0.484099	0.456335	0.6	0.6875	0.64375	0.6	0.75	0.675	0.325581	0.428571	0.377076	+	10	EarlyNEstNLateUp	Petrol	0.1	0.3557	0.00005
Tmem26	-1.7292	-1.1244	-0.7998	0	0	0	0	0	0	0	0	0	0	0	0	0	0	0	0	0	0	+	6	AllLow	VeryLightGreen	0.00005	0.0001	0.0026
Plac8	1.4336	1.7362	2.6922	0	0	0	0	0	0	0	0	0	0	0	0	0	0	0	0	0	0	-	15	AllMildUp	SeaBlue	0.00155	0.00005	0.00005
Arc	-0.4379	3.2119	-0.3088	0.524892	0.655172	0.590032	0.459538	0.709677	0.5846075	0.488889	0.525481	0.507185	0.472727	0.655172	0.5639495	0.3	0.709677	0.5048385	0.235294	0.488889	0.3620915	-	13	EarlyNEstUpLateLow	Blue	0.14575	0.00005	0.15255
Enpp2	2.5717	2.6515	3.3669	0	0	0	0	0	0	0	0	0	0	0	0	0	0	0	0	0	0	-	16	AllVUp	DarkPurple	0.00005	0.00005	0.00005
Dpep2	1.0501	1.3021	1.5926	0	0	0	0	0	0	0	0	0	0	0	0	0	0	0	0	0	0	-	15	AllMildUp	SeaBlue	0.04545	0.0003	0.00195
Gprc5c	-0.8917	-1.6143	-0.4607	0.347826	0.503145	0.4254855	0.522222	0.525	0.523611	0.435897	0.552632	0.4942645	0.275862	0.347826	0.311844	0.525	0.529412	0.527206	0.435897	0.45614	0.4460185	+	8	EarlyLowEstVLowLateLow	LightGreenUp	0.08525	0.0021	0.3706
Prex2	-0.3008	-0.7364	-1.5553	0	0.62	0.3849613333	0.428571	0.625	0.5006156667	0.363636	0.434211	0.410093	0	0	0	0	0	0	0	0	0	+	6	AllLow	VeryLightGreen	1	1	0.0006
Cdh26	2.616	2.3098	1.376	0.458647	0.502024	0.4810206667	0.458891	0.489041	0.4760086667	0.517949	0.535969	0.5275573333	0	0	0	0	0	0	0	0	0	+	16	AllVUp	DarkPurple	0.00005	0.0002	0.0065
Lilrb4	1.2234	1.3964	2.3301	0	0	0	0	0	0	0	0	0	0	0	0	0	0	0	0	0	0	+	15	AllMildUp	SeaBlue	1	0.00005	0.00185
Tmc7	0.859	2.1136	1.2562	0.307692	0.415094	0.361393	0.428571	0.431818	0.4301945	0.2	0.444444	0.322222	0.307692	0.579137	0.4434145	0.411348	0.428571	0.4199595	0.2	0.596386	0.398193	-	12	EarlyNEstUpLateN	LightBlue	1	0.00005	0.00625
Scn7a	-1.3454	-2.1106	-1.506	0	0	0	0	0	0	0	0	0	0	0	0	0	0	0	0	0	0	-	4	AllVLow	Yellow	0.00005	0.00005	0.00005
Kcna6	-0.0081	0.8687	1.8574	0.426667	0.487694	0.4539933333	0.480519	0.554054	0.505565	0.508614	0.643678	0.5643443333	0.447619	0.447619	0.447619	0.480519	0.480519	0.480519	0.540741	0.540741	0.540741	-	10	EarlyNEstNLateUp	Petrol	0.9807	0.0159	0.0001
Spns2	0.1761	0.4294	1.8144	0.454545	0.641026	0.5477855	0.305085	0.347826	0.3264555	0.277778	0.59434	0.436059	0.454545	0.557377	0.505961	0.347826	0.478261	0.4130435	0.277778	0.474576	0.376177	-	10	EarlyNEstNLateUp	Petrol	0.60855	0.1839	0.00005
2610528A11Rik	1.1437	0.9646	2.9211	0	0	0	0	0	0	0	0	0	0	0	0	0	0	0	0	0	0	-	15	AllMildUp	SeaBlue	0.1587	0.0744	0.0015
D630003M21Rik	-1.2311	0.1032	-1.7639	0	0.559722	0.279861	0.3219	0.454545	0.3882225	0.604819	0.666667	0.635743	0	0.535088	0.267544	0.342466	0.454545	0.3985055	0.509615	0.666667	0.588141	-	7	EarlyLowEstNLateLow	LightGreen	0.00535	0.8269	0.00005
Ablim3	1.4412	1.6773	1.4691	0	0.516355	0.2581775	0.4	0.437229	0.4186145	0	0.593886	0.296943	0	0.547414	0.273707	0.308824	0.4	0.354412	0	0.573964	0.286982	-	15	AllMildUp	SeaBlue	0.00325	0.0006	0.0024
A2m	-1.512	-0.0954	1.9069	0	0	0	0	0	0	0	0	0	0	0	0	0	0	0	0	0	0	+	5	EarlyVLowEstNLateUp	CabbageGreen	0.00005	0.69095	0.00005
Chodl	-1.267	-0.0959	-2.4433	0	0	0	0	0	0	0	0	0	0	0	0	0	0	0	0	0	0	+	7	EarlyLowEstNLateLow	LightGreen	1	1	0.00005
Oxtr	-2.5323	-2.9019	-1.1273	0.500963	0.508578	0.5047705	0.486994	0.490494	0.488744	0.502591	0.517456	0.5100235	0.500963	0.535354	0.5181585	0.490494	0.563492	0.526993	0.410526	0.502591	0.4565585	-	3	EarlyVLowEstVLowLateLow	Orange	0.0002	0.00005	0.0131
Gch1	1.1238	1.8533	1.1363	0.2	0.567164	0.383582	0.40625	0.666667	0.5364585	0	0.463415	0.2317075	0.2	0.447368	0.323684	0.615385	0.666667	0.641026	0	0.425532	0.212766	-	15	AllMildUp	SeaBlue	0.00105	0.00005	0.0001
Iigp1	1.7227	1.7335	1.4201	0	0	0	0	0	0	0	0	0	0	0	0	0	0	0	0	0	0	+	15	AllMildUp	SeaBlue	0.00005	0.00005	0.00005
Cd177	-2.1546	-1.9288	-1.3193	0	0	0	0	0	0	0	0	0	0	0	0	0	0	0	0	0	0	-	4	AllVLow	Yellow	0.0005	0.0068	0.0121
Csf2rb2	-0.0979	1.1133	2.0619	0	0	0	0	0	0	0	0	0	0	0	0	0	0	0	0	0	0	-	10	EarlyNEstNLateUp	Petrol	1	0.0019	0.00125
Slc37a2	-0.0588	0.4526	1.5503	0.508333	0.6	0.5574786667	0	0.652174	0.3518943333	0.0909091	0.599034	0.4028207	0.564103	0.564103	0.564103	0.652174	0.652174	0.652174	0.518519	0.518519	0.518519	-	10	EarlyNEstNLateUp	Petrol	0.84815	0.0358	0.00005
Cd300ld	0.7176	1.7716	1.5391	0	0	0	0	0	0	0	0	0	0	0	0	0	0	0	0	0	0	-	12	EarlyNEstUpLateN	LightBlue	1	0.00005	0.00375
Slc6a7	-1.2233	-1.8542	-1.5857	0.517241	0.641026	0.5791335	0.321429	0.666667	0.494048	0.386364	0.595238	0.490801	0.542768	0.641026	0.591897	0.321429	0.403465	0.362447	0.589041	0.595238	0.5921395	-	4	AllVLow	Yellow	0.00645	0.00055	0.0002
Ednrb	-1.3452	-2.4301	0.8902	0	0	0	0	0	0	0	0	0	0	0	0	0	0	0	0	0	0	-	8	EarlyLowEstVLowLateLow	LightGreenUp	0.00085	0.00005	0.0554
Gpx3	-1.6244	-2.0104	-0.3699	0.422222	0.55	0.486111	0.285714	0.360656	0.323185	0.397059	0.588235	0.492647	0.55	0.588235	0.5691175	0.285714	0.48	0.382857	0.5	0.588235	0.5441175	+	6	AllLow	VeryLightGreen	0.00005	0.00005	0.05265
Rrad	0.9444	0.9563	1.7017	0.153846	0.540741	0.391271	0.428571	0.5	0.4694346667	0.428571	0.488372	0.4682526667	0.540741	0.540741	0.540741	0.428571	0.428571	0.428571	0.488372	0.488372	0.488372	-	15	AllMildUp	SeaBlue	0.00325	0.00335	0.00005
Gstm6	0.3612	2.222	-0.3972	0	0	0	0	0	0	0	0	0	0	0	0	0	0	0	0	0	0	-	13	EarlyNEstUpLateLow	Blue	1	0.00195	0.3782
Sox11	0.7336	1.8386	0.1681	0.473684	0.55	0.5158902	0.450902	0.714286	0.5330182	0.363636	0.630435	0.5486084	0.55	0.579545	0.5647725	0.479167	0.573529	0.526348	0.511111	0.512195	0.511653	-	12	EarlyNEstUpLateN	LightBlue	0.00895	0.00005	0.43155
Col9a2	-3.3452	-2.9789	-2.4889	0.446809	0.529915	0.490462	0.289796	0.357955	0.3139563333	0.5	0.556911	0.529387	0.529915	0.529915	0.529915	0.289796	0.289796	0.289796	0.556911	0.556911	0.556911	+	4	AllVLow	Yellow	0.00005	0.00005	0.00005
Fam181b	0.0585	1.9545	0.9352	0.425532	0.833333	0.6294325	0.478261	0.666667	0.572464	0.42623	0.538462	0.482346	0.508816	0.833333	0.6710745	0.4375	0.478261	0.4578805	0.538462	0.60274	0.570601	+	12	EarlyNEstUpLateN	LightBlue	1	0.0018	0.0944
Pamr1	0.6626	1.6283	0.0351	0.438137	0.544526	0.484357	0.440083	0.515531	0.4730893333	0.508383	0.594444	0.546496	0	0	0	0	0	0	0	0	0	+	12	EarlyNEstUpLateN	LightBlue	0.00345	0.00005	0.83225
Saa3	3.6009	5.5788	7.9775	0.47561	0.47561	0.47561	0.475	0.475	0.475	0.653061	0.653061	0.653061	0	0	0	0	0	0	0	0	0	-	20	AllExtremelyUp	DarkRed	0.017	0.00005	0.0001
Nlrp3	0.7557	2.0669	2.2581	0	0	0	0	0	0	0	0	0	0	0	0	0	0	0	0	0	0	+	15	AllMildUp	SeaBlue	1	0.00005	0.00005
Ass1	1.5974	1.6108	1.2704	0	0.518797	0.2593985	0.369565	0.8	0.5847825	0.611111	1	0.8055555	0	0.5	0.25	0.25	0.8	0.525	0.535714	1	0.767857	+	15	AllMildUp	SeaBlue	0.00005	0.00005	0.00005
Pilrb2	0.8905	2.0118	2.8192	0	0	0	0	0	0	0	0	0	0	0	0	0	0	0	0	0	0	-	15	AllMildUp	SeaBlue	1	0.00135	1
Olfml1	-2.3983	-1.8727	-0.5628	0	0	0	0	0	0	0	0	0	0	0	0	0	0	0	0	0	0	+	6	AllLow	VeryLightGreen	0.00005	0.0013	0.12315
Fgr	0.0873	1.4899	2.9355	0	0	0	0	0	0	0	0	0	0	0	0	0	0	0	0	0	0	+	10	EarlyNEstNLateUp	Petrol	1	0.0001	0.0008
Clstn2	1.5426	1.592	2.2217	0.445563	0.714286	0.5522182	0.5	0.692308	0.5494376	0.465232	0.733333	0.5631626	0.4	0.714286	0.557143	0.409091	0.692308	0.5506995	0.487805	0.636364	0.5620845	-	15	AllMildUp	SeaBlue	0.0013	0.0029	1
Ces2g	1.4529	1.4432	1.6706	0	0	0	0	0	0	0	0	0	0	0	0	0	0	0	0	0	0	+	15	AllMildUp	SeaBlue	0.0001	0.00005	0.00005
St3gal6	-0.5392	-0.6145	-1.6836	0.51145	0.666667	0.5890585	0.45	0.6	0.525	0.4	0.581633	0.4908165	0.585938	0.666667	0.6263025	0.425	0.6	0.5125	0.4	0.566929	0.4834645	-	6	AllLow	VeryLightGreen	0.2502	0.24895	0.00015
Irg1	3.6687	4.6961	7.0414	0	0	0	0	0	0	0	0	0	0	0	0	0	0	0	0	0	0	+	20	AllExtremelyUp	DarkRed	1	0.00005	0.2436
Ccr5	1.7544	2.748	1.856	0	0	0	0	0	0	0	0	0	0	0	0	0	0	0	0	0	0	+	16	AllVUp	DarkPurple	1	0.00005	0.00115
Pcdh20	-0.0175	0.4478	1.5062	0	0	0	0	0	0	0	0	0	0	0	0	0	0	0	0	0	0	-	10	EarlyNEstNLateUp	Petrol	0.95145	0.13595	0.00005
Klhl38	2.1823	2.1966	2.3243	0	0	0	0	0	0	0	0	0	0	0	0	0	0	0	0	0	0	-	16	AllVUp	DarkPurple	0.00075	0.0028	0.00085
S1pr3	0.9214	1.5364	1.3346	0.438298	0.705882	0.57209	0.4	0.76	0.58	0.537931	1	0.7689655	0.515213	0.705882	0.6105475	0.339223	0.76	0.5496115	0.575949	1	0.7879745	+	15	AllMildUp	SeaBlue	0.00005	0.00005	0.00005
Nr4a1	-0.4026	1.7967	-1.9348	0.666667	0.725	0.6958335	0.529412	0.538462	0.533937	0.133333	0.363636	0.2484845	0.455307	0.666667	0.560987	0.463855	0.529412	0.4966335	0.133333	0.525253	0.329293	+	13	EarlyNEstUpLateLow	Blue	0.09755	0.00005	0.00005
Tlr8	0.9314	1.9139	1.3796	0	0	0	0	0	0	0	0	0	0	0	0	0	0	0	0	0	0	-	15	AllMildUp	SeaBlue	1	0.00005	0.01965
Styk1	1.089	1.6503	0.9297	0	0	0	0	0	0	0	0	0	0	0	0	0	0	0	0	0	0	-	12	EarlyNEstUpLateN	LightBlue	0.0018	0.00005	0.00175
Gsta3	0.2074	2.8188	1.6001	0	0	0	0	0	0	0	0	0	0	0	0	0	0	0	0	0	0	+	14	EarlyNEstUpLateUp	DarkBlue	1	0.00175	0.0197
Neurl3	2.2509	1.68	2.9157	0.487825	0.612821	0.5569156667	0.43112	0.503145	0.473392	0.52952	0.592941	0.5512426667	0	0	0	0	0	0	0	0	0	-	16	AllVUp	DarkPurple	0.0026	0.0002	0.00005
Hcls1	0.4219	0.89	1.571	0	0	0	0	0	0	0	0	0	0	0	0	0	0	0	0	0	0	+	10	EarlyNEstNLateUp	Petrol	0.3525	0.0019	0.0004
Inpp5d	0.2422	0.9152	1.5049	0	0	0	0	0	0	0	0	0	0	0	0	0	0	0	0	0	0	+	10	EarlyNEstNLateUp	Petrol	0.57845	0.0024	0.00295
Gm12250	2.436	2.9083	2.7479	0	0	0	0	0	0	0	0	0	0	0	0	0	0	0	0	0	0	+	16	AllVUp	DarkPurple	0.0007	0.00005	0.00005
Syt13	1.7394	0.116	2.7726	0.4	0.571429	0.4857145	0.417969	0.5	0.4589845	0	0.538043	0.2690215	0.4	0.513889	0.4569445	0.416667	0.5	0.4583335	0	0.672414	0.336207	+	15	AllMildUp	SeaBlue	0.0002	0.7497	0.00005
Hmha1	0.3795	1.0656	1.5051	0	0	0	0	0	0	0	0	0	0.514041	0.514041	0.514041	0.412364	0.412364	0.412364	0.532418	0.532418	0.532418	+	10	EarlyNEstNLateUp	Petrol	0.4233	0.0007	0.00045
Myo1f	0.2427	0.786	1.762	0	0	0	0	0	0	0	0	0	0	0	0	0	0	0	0	0	0	+	10	EarlyNEstNLateUp	Petrol	0.5753	0.0029	0.00075
Il1rl1	0.9657	0.9141	1.7568	0.486513	0.509227	0.495777	0.426404	0.472192	0.4551203333	0.471354	0.523299	0.495223	0	0	0	0	0	0	0	0	0	+	15	AllMildUp	SeaBlue	0.00005	0.00005	0.00005
Mcpt1	-0.033	1.7145	-1.4491	0	0	0	0	0	0	0	0	0	0	0	0	0	0	0	0	0	0	+	13	EarlyNEstUpLateLow	Blue	0.9494	0.00085	0.05005
Ptpn22	1.1832	0.7081	1.6221	0.544811	0.544811	0.544811	0.249027	0.249027	0.249027	0.467866	0.467866	0.467866	0	0	0	0	0	0	0	0	0	+	15	AllMildUp	SeaBlue	0.0053	0.03895	0.00005
Cmpk2	1.4906	2.0306	1.1096	0.542373	0.6	0.5711865	0.333333	0.34058	0.3369565	0.533333	0.74	0.6366665	0.4	0.6	0.5	0.333333	0.451613	0.392473	0.456522	0.533333	0.4949275	+	12	EarlyNEstUpLateN	LightBlue	0.0043	0.0005	0.00815
Micall2	1.0116	1.0036	1.5761	0.0909091	0.584906	0.33790755	0.607843	0.714286	0.6610645	0.347826	0.625	0.486413	0.0909091	0.556474	0.32369155	0.402116	0.714286	0.558201	0.546218	0.625	0.585609	-	15	AllMildUp	SeaBlue	0.00005	0.00005	0.00005
Il7r	2.1144	2.8282	1.6075	0	0	0	0	0	0	0	0	0	0	0	0	0	0	0	0	0	0	-	16	AllVUp	DarkPurple	1	0.00005	1
Gprc5a	0.4863	1.9935	0.6888	0.307692	0.432692	0.370192	0.495413	0.5	0.4977065	0.1	0.634409	0.3672045	0.307692	0.503055	0.4053735	0.470446	0.5	0.485223	0.1	0.489	0.2945	+	12	EarlyNEstUpLateN	LightBlue	0.09065	0.00005	0.0093
Dbx2	3.5689	3.1814	4.3382	0.469602	0.666667	0.5639416667	0.388889	0.555556	0.4683503333	0.44898	0.647059	0.5603713333	0.555556	0.555556	0.555556	0.388889	0.388889	0.388889	0.44898	0.44898	0.44898	-	18	AllVUp	Pink	0.00145	0.00085	0.00115
Matn3	-1.3971	-0.8856	-1.9324	0.511224	0.511224	0.511224	0.440587	0.440587	0.440587	0.555096	0.555096	0.555096	0	0	0	0	0	0	0	0	0	+	6	AllLow	VeryLightGreen	0.00085	0.0457	0.0003
Plk2	0.7339	1.601	0.9553	0.25	0.509934	0.379967	0.4	0.633663	0.5168315	0.333333	0.468085	0.400709	0.25	0.510857	0.3804285	0.4	0.505291	0.4526455	0.333333	0.464032	0.3986825	+	12	EarlyNEstUpLateN	LightBlue	0.00045	0.00005	0.00005
Lif	0.7031	2.3076	0.5981	0.502828	0.75	0.593791	0.372112	1	0.5849623333	0.444444	0.561497	0.499043	0.528545	0.75	0.6392725	0.382775	1	0.6913875	0.444444	0.561497	0.5029705	+	12	EarlyNEstUpLateN	LightBlue	0.0033	0.00005	0.00395
Bst2	1.3509	1.6081	0.9562	0	0	0	0	0	0	0	0	0	0.442857	0.442857	0.442857	0.551724	0.551724	0.551724	0.379747	0.379747	0.379747	-	15	AllMildUp	SeaBlue	0.00005	0.00005	0.00005
Wdr86	-3.3543	-4.2057	-2.1257	0.510345	1	0.7551725	0.396907	0.6	0.4984535	0.428571	0.555556	0.4920635	0.47482	1	0.73741	0.452381	0.6	0.5261905	0.428571	0.595238	0.5119045	-	3	EarlyVLowEstVLowLateLow	Orange	0.0001	0.0001	0.00035
Bean1	-1.2499	-0.4432	-1.5246	0.515901	0.777778	0.6468395	0.475	0.5	0.4875	0.575309	0.625	0.6001545	0.689655	0.777778	0.7337165	0.492308	0.5	0.496154	0.404762	0.625	0.514881	+	6	AllLow	VeryLightGreen	0.0208	1	0.00125
Ramp1	-1.9983	-0.6553	-1.1828	0	0	0	0	0	0	0	0	0	0	0	0	0	0	0	0	0	0	+	6	AllLow	VeryLightGreen	0.0002	0.16765	0.0016
Cxcl16	1.759	1.4939	2.2556	0	0.556106	0.4389779	0.222222	0.608108	0.408067	0	0.666667	0.4807484	0.492157	0.536735	0.5093046667	0.417706	0.49434	0.4442566667	0.483589	0.582609	0.5167603333	-	15	AllMildUp	SeaBlue	0.00005	0.00005	0.00005
Fras1	-1.4772	-0.7277	-2.1489	0.45977	0.666667	0.5244358333	0.373494	0.520044	0.4410965	0	0.588983	0.411562	0.45977	0.45977	0.45977	0.394958	0.394958	0.394958	0.440252	0.440252	0.440252	+	4	AllVLow	Yellow	0.0011	1	0.00005
Plb1	-1.5774	-0.5027	-1.5271	0	0	0	0	0	0	0	0	0	0	0	0	0	0	0	0	0	0	+	6	AllLow	VeryLightGreen	0.0057	0.3404	0.00025
Prnd	2.8668	2.0412	3.5373	0	0	0	0	0	0	0	0	0	0	0	0	0	0	0	0	0	0	+	16	AllVUp	DarkPurple	0.00005	0.00005	0.00005
Ifi27l2b	1.7541	2.1426	0.3092	0	0	0	0	0	0	0	0	0	0	0	0	0	0	0	0	0	0	-	12	EarlyNEstUpLateN	LightBlue	0.0408	0.00415	0.6087
Mmp1b	2.4037	2.93	2.7589	0	0	0	0	0	0	0	0	0	0	0	0	0	0	0	0	0	0	-	16	AllVUp	DarkPurple	0.00215	0.0002	0.00525
Slc6a2	-2.2958	-2.6155	-1.2461	0.446809	0.504132	0.4754705	0.206897	0.321839	0.264368	0.407407	0.528926	0.4681665	0.446809	0.479167	0.462988	0.206897	0.414514	0.3107055	0.407407	0.527684	0.4675455	+	3	EarlyVLowEstVLowLateLow	Orange	0.00005	0.00005	0.00365
Cttnbp2	-1.7443	-1.4987	-0.9769	0	0.546468	0.3759602	0.4	0.666667	0.5466668	0.333333	0.75	0.5714378	0.5	0.549091	0.531853	0.4	0.5	0.435198	0.333333	0.683908	0.5637993333	-	4	AllVLow	Yellow	0.00005	0.0002	0.00175
Sp100	2.2295	1.9212	1.6867	0	0	0	0	0	0	0	0	0	0	0	0	0	0	0	0	0	0	+	15	AllMildUp	SeaBlue	0.00005	0.03355	0.00005
St6galnac2	-1.5351	-1.5519	-1.1823	0.462089	0.593023	0.527556	0.424242	0.43538	0.429811	0.485714	0.533088	0.509401	0.49205	0.593023	0.5425365	0.408027	0.424242	0.4161345	0.485714	0.539891	0.5128025	-	4	AllVLow	Yellow	0.00005	0.00005	0.0001
Atp12a	-2.7087	-1.8709	-1.8311	0.4	0.578947	0.4894735	0.352941	0.507937	0.430439	0.444444	0.809524	0.626984	0.487179	0.578947	0.533063	0.352941	0.4	0.3764705	0.5	0.809524	0.654762	+	4	AllVLow	Yellow	0.00005	0.00005	0.00005
Ptgs2	0.3705	1.7237	-0.1006	0	0	0	0	0	0	0	0	0	0	0	0	0	0	0	0	0	0	+	12	EarlyNEstUpLateN	LightBlue	0.081	0.00005	0.60215
Kng2	-1.7541	-0.8192	0.2611	0	0	0	0	0	0	0	0	0	0	0	0	0	0	0	0	0	0	-	6	AllLow	VeryLightGreen	0.00005	0.0012	0.3172
Egr2	0.4379	2.7953	-0.384	0.304348	0.647059	0.5044235	0.456067	0.6	0.51659075	0.266667	0.521109	0.38803575	0.304348	0.594595	0.45821425	0.363636	0.617021	0.49773825	0.333333	0.52518	0.40934325	+	13	EarlyNEstUpLateLow	Blue	0.06965	0.00005	0.06915
Rapgef4	-0.2188	0.1578	-2.1237	0.524731	0.666667	0.595699	0.442568	0.625	0.533784	0.428571	0.494778	0.4616745	0	0	0	0	0	0	0	0	0	+	7	EarlyLowEstNLateLow	LightGreen	0.6308	0.72265	0.00005
Apoe	-1.0408	-1.852	-0.9785	0.484066	0.502031	0.4938253333	0.461475	0.499053	0.4809246667	0.466998	0.519698	0.4938866667	0	0	0	0	0	0	0	0	0	-	8	EarlyLowEstVLowLateLow	LightGreenUp	0.00635	0.00005	0.0005
Ntrk2	-2.0476	-1.2044	-0.3263	0.428571	0.533613	0.4748078	0.455045	0.611111	0.5201898	0.467082	0.523447	0.4972076	0.428571	0.587131	0.507851	0.44186	0.611111	0.5264855	0.484848	0.668639	0.5767435	+	6	AllLow	VeryLightGreen	0.00005	0.00455	0.4202
Spp1	1.3679	0.6985	1.8367	0	0	0	0	0	0	0	0	0	0	0	0	0	0	0	0	0	0	+	15	AllMildUp	SeaBlue	0.00005	0.00475	0.00005
Spon1	-1.4564	-1.0949	1.73	0.363636	0.595238	0.4880485	0.46888	0.7	0.554396	0.285714	0.528571	0.4414591667	0.595238	0.595238	0.595238	0.540541	0.540541	0.540541	0.422222	0.422222	0.422222	+	8	EarlyLowEstVLowLateLow	LightGreenUp	0.00005	0.00005	0.00005
Dchs1	-0.2489	0.8405	2.1345	0.470847	0.666667	0.5511416	0.419355	0.515241	0.4670352	0.1875	0.53512	0.414935	0.666667	0.740741	0.703704	0.454545	0.677419	0.565982	0.1875	0.371429	0.2794645	-	10	EarlyNEstNLateUp	Petrol	0.3986	0.0017	0.00005
Rac2	-0.0665	0.8127	2.5134	0	0	0	0	0	0	0	0	0	0	0	0	0	0	0	0	0	0	-	10	EarlyNEstNLateUp	Petrol	0.8688	0.0011	0.00005
Lbh	0.763	1.5013	0.328	0.461538	0.596491	0.533779	0	0.5	0.2994048	0.214286	0.623188	0.4690158	0.461538	0.517241	0.4977406667	0.408854	0.5	0.469618	0.214286	0.597156	0.4009153333	+	12	EarlyNEstUpLateN	LightBlue	0.00015	0.00005	0.0434
Fabp7	0.4151	1.4423	2.8179	0	0	0	0	0	0	0	0	0	0	0	0	0	0	0	0	0	0	+	10	EarlyNEstNLateUp	Petrol	0.3314	0.00025	0.00005
Ch25h	2.7988	3.0797	3.3025	0.384615	0.725	0.5218323333	0.319527	0.466667	0.3899186667	0.314286	0.371069	0.3447306667	0.725	0.725	0.725	0.466667	0.466667	0.466667	0.348837	0.348837	0.348837	-	16	AllVUp	DarkPurple	0.00005	0.00005	0.00005
Spn	0.3115	0.686	1.7951	0	0	0	0	0	0	0	0	0	0	0	0	0	0	0	0	0	0	-	10	EarlyNEstNLateUp	Petrol	1	0.06085	0.00065
Oas3	2.7269	2.6239	0.7557	0	0	0	0	0	0	0	0	0	0	0	0	0	0	0	0	0	0	-	17	EarlyUpEstablishedUpLateN	Purple	1	0.00005	1
Rsad2	2.3886	2.8115	1.6061	0	0	0	0	0	0	0	0	0	0	0	0	0	0	0	0	0	0	-	16	AllVUp	DarkPurple	0.0009	0.00005	0.0005
Mx2	1.5278	2.3197	1.0338	0	0	0	0	0	0	0	0	0	0	0	0	0	0	0	0	0	0	+	12	EarlyNEstUpLateN	LightBlue	0.00215	0.00005	0.0073
Npy6r	-0.5262	-1.8166	-1.3321	0	0	0	0	0	0	0	0	0	0	0	0	0	0	0	0	0	0	+	6	AllLow	VeryLightGreen	1	0.00355	0.00575
Ccrl2	0.6589	1.8679	1.6778	0	0	0	0	0	0	0	0	0	0	0	0	0	0	0	0	0	0	-	12	EarlyNEstUpLateN	LightBlue	1	0.0027	0.00325
Oasl1	1.115	1.8405	1.1102	0	0	0	0	0	0	0	0	0	0	0	0	0	0	0	0	0	0	+	15	AllMildUp	SeaBlue	0.0393	0.00125	0.02165
Rhbdl2	1.4101	1.9003	2.6602	0	0	0	0	0	0	0	0	0	0	0	0	0	0	0	0	0	0	+	15	AllMildUp	SeaBlue	0.03205	0.001	0.00005
Nr4a3	-0.9512	0.9609	-2.006	0.454635	0.478564	0.4653536667	0.411379	0.510678	0.477394	0.483092	0.517935	0.502582	0.333333	0.545455	0.462265	0	0.470588	0.3238492	0.325	0.571429	0.4466402	+	7	EarlyLowEstNLateLow	LightGreen	1	0.0198	0.0003
Ptpn6	0.4602	0.9654	1.8672	0.577236	0.577236	0.577236	0.425926	0.425926	0.425926	0.507042	0.507042	0.507042	0.519595	0.598784	0.56452875	0.403226	0.857143	0.54068775	0.497567	0.601124	0.52643325	-	15	AllMildUp	SeaBlue	0.2566	0.0006	0.00005
Cd200r1	0.3107	1.628	0.3398	0	0	0	0	0	0	0	0	0	0	0	0	0	0	0	0	0	0	+	12	EarlyNEstUpLateN	LightBlue	0.51605	0.00015	0.4781
Ube2ql1	-1.6989	-2.403	-1.8076	0.521739	0.56	0.5408695	0.509434	0.636364	0.572899	0.307692	0.550388	0.42904	0.473684	0.56	0.516842	0.636364	0.727273	0.6818185	0.307692	0.459459	0.3835755	-	3	EarlyVLowEstVLowLateLow	Orange	0.00175	0.00025	0.00315
Isg15	1.3741	2.4682	0.8991	0.555882	0.555882	0.555882	0.435768	0.435768	0.435768	0.53473	0.53473	0.53473	0.4	0.563636	0.481212	0.25	0.477612	0.3459856667	0.417582	0.714286	0.568956	-	12	EarlyNEstUpLateN	LightBlue	0.00035	0.00005	0.0002
Dlk1	-1.8898	-2.3705	-1.4367	0.470927	0.58	0.5101303333	0.4	0.515152	0.4810996667	0.481306	0.560748	0.5201995	0.534759	0.58	0.5573795	0.4	0.515152	0.457576	0.515625	0.555556	0.5355905	+	3	EarlyVLowEstVLowLateLow	Orange	0.00005	0.00005	0.00005
Ctla2a	2.8664	1.3579	2.027	0	0	0	0	0	0	0	0	0	0	0	0	0	0	0	0	0	0	-	16	AllVUp	DarkPurple	0.00005	0.0023	0.0001
Btk	0.333	0.923	2.0933	0.492063	0.492063	0.492063	0.533088	0.533088	0.533088	0.50519	0.50519	0.50519	0.515957	0.587571	0.54902	0.432258	0.590164	0.5082373333	0.49518	0.560847	0.5286756667	-	10	EarlyNEstNLateUp	Petrol	0.53105	0.0088	0.0005
Sdk1	0.8744	1.4778	1.8316	0.428571	0.491525	0.4647062	0.333333	0.592593	0.493584	0.303571	0.572917	0.4514256	0.388889	0.428571	0.40873	0.333333	0.575758	0.4545455	0.37037	0.411765	0.3910675	+	15	AllMildUp	SeaBlue	0.00125	0.00005	0.00005
Hpgd	-0.9601	-1.5136	0.191	0.575	0.6	0.5875	0.40678	1	0.70339	0.333333	0.57377	0.4535515	0.566038	0.6	0.583019	0.38	1	0.69	0.333333	0.453333	0.393333	+	8	EarlyLowEstVLowLateLow	LightGreenUp	0.00005	0.00005	0.2835
Nfasc	-0.2624	-0.2181	1.9141	0.571429	0.666667	0.619048	0.534884	0.6	0.567442	0.461538	0.833333	0.6474355	0.37037	0.666667	0.5185185	0.53125	0.6	0.565625	0.44	0.833333	0.6366665	-	10	EarlyNEstNLateUp	Petrol	1	0.5906	0.00005
Clec12a	0.1089	0.3768	1.9607	0	0	0	0	0	0	0	0	0	0	0	0	0	0	0	0	0	0	+	10	EarlyNEstNLateUp	Petrol	0.84135	0.12945	0.00115
Mpeg1	0.9404	2.2011	1.719	0	0	0	0	0	0	0	0	0	0	0	0	0	0	0	0	0	0	+	15	AllMildUp	SeaBlue	0.0245	0.00005	0.00005
Fgf9	1.5128	2.7258	0.7001	0.282609	0.608696	0.4804508	0.328947	0.72	0.5413046	0.230769	0.705882	0.5227468	0.0833333	0.621622	0.4181747167	0.455013	0.72	0.5847245	0	0.574074	0.2252353333	+	12	EarlyNEstUpLateN	LightBlue	0.00035	0.00005	0.03445
Sorcs1	1.1445	2.2609	2.7933	0.470588	0.644068	0.51647325	0.166667	0.607843	0.485082625	0.460317	0.678571	0.521551875	0.470588	0.616438	0.543513	0.166667	0.407407	0.287037	0.363636	0.678571	0.5211035	-	15	AllMildUp	SeaBlue	0.0211	0.0002	1
Mx1	1.4038	2.8692	1.4195	0	0	0	0	0	0	0	0	0	0	0	0	0	0	0	0	0	0	-	16	AllVUp	DarkPurple	0.0111	0.00135	0.00795
Fgf18	-1.4309	-1.152	-1.901	0.380952	0.573913	0.464393	0.319328	0.470588	0.4283794	0.294118	0.612676	0.453748	0.380952	0.452381	0.4166665	0.428571	0.75	0.5892855	0.294118	0.470588	0.382353	-	6	AllLow	VeryLightGreen	0.0122	0.0176	0.00005
Cd36	0.6437	2.6936	2.7346	0.475316	0.488928	0.4821316667	0.523494	0.541304	0.5307196667	0.484603	0.531948	0.504848	0	0	0	0	0	0	0	0	0	-	14	EarlyNEstUpLateUp	DarkBlue	1	0.00005	0.00005
Megf6	-2.2502	-2.0895	-1.3647	0.333333	0.428571	0.380952	0.473684	0.8	0.636842	0.357143	0.523077	0.44011	0.333333	0.552147	0.44274	0.419672	0.8	0.609836	0.357143	0.637255	0.497199	+	4	AllVLow	Yellow	0.00005	0.00005	0.00005
Aqp5	-2.0713	-2.4145	-1.1396	0.465753	0.509305	0.487529	0.409276	0.488	0.448638	0.537037	0.554688	0.5458625	0.465753	0.522145	0.4967133333	0.434164	0.539326	0.4871633333	0.488889	0.554688	0.5263366667	+	3	EarlyVLowEstVLowLateLow	Orange	0.0004	0.00005	0.00725
Tnfsf18	2.0095	3.9231	0.0359	0	0	0	0	0	0	0	0	0	0	0	0	0	0	0	0	0	0	+	17	EarlyUpEstablishedUpLateN	Purple	1	0.0022	0.9461
Cpa1	-1.6856	-1.5518	-2.0786	0	0	0	0	0	0	0	0	0	0	0	0	0	0	0	0	0	0	+	4	AllVLow	Yellow	1	1	0.00095
Slpi	0.3614	0.6565	2.1521	0	0	0	0	0	0	0	0	0	0	0	0	0	0	0	0	0	0	-	10	EarlyNEstNLateUp	Petrol	0.3104	0.0051	0.00005
Mt2	1.7519	0.5669	2.4856	0.488506	0.6	0.544253	0.15	0.424731	0.2873655	0.3	0.502618	0.401309	0.527869	0.6	0.5639345	0.15	0.453039	0.3015195	0.3	0.604651	0.4523255	+	15	AllMildUp	SeaBlue	0.00005	0.0063	0.00005
Pcsk5	-1.1721	-1.822	-0.5663	0.444444	0.666667	0.5555555	0.181818	0.6875	0.434659	0.285714	0.428571	0.3571425	0.578947	0.666667	0.622807	0.181818	0.52	0.350909	0.285714	0.507692	0.396703	-	8	EarlyLowEstVLowLateLow	LightGreenUp	0.00005	0.00005	0.0072
Rbp1	1.3788	1.8618	1.3127	0	0.548193	0.3501516667	0.416667	0.666667	0.5147573333	0.384615	0.497462	0.4464066667	0.548193	0.548193	0.548193	0.416667	0.416667	0.416667	0.457143	0.457143	0.457143	+	15	AllMildUp	SeaBlue	0.00035	0.0013	0.00005
Fcer1g	0.4984	0.8311	1.6916	0	0	0	0	0	0	0	0	0	0	0	0	0	0	0	0	0	0	-	15	AllMildUp	SeaBlue	0.32085	0.00245	0.0008
Gzmc	-1.0707	-0.7112	-1.6643	0	0	0	0	0	0	0	0	0	0	0	0	0	0	0	0	0	0	-	6	AllLow	VeryLightGreen	0.00375	0.0006	0.00005
Sox10	0.3804	0.9942	1.5776	0.475214	0.711864	0.5796753333	0.196078	0.6	0.4061943333	0.515152	0.606557	0.546931	0.475214	0.475214	0.475214	0.422505	0.422505	0.422505	0.515152	0.515152	0.515152	-	10	EarlyNEstNLateUp	Petrol	0.1905	0.0023	0.0001
Oasl2	2.0079	2.6637	1.4129	0	0	0	0	0	0	0	0	0	0.510583	0.510583	0.510583	0.483073	0.483073	0.483073	0.517394	0.517394	0.517394	+	16	AllVUp	DarkPurple	0.00005	0.00005	0.00005
Macc1	0.913	2.6435	0.6629	0	0	0	0	0	0	0	0	0	0	0	0	0	0	0	0	0	0	+	12	EarlyNEstUpLateN	LightBlue	0.04745	0.00005	0.1227
Spock3	-0.2603	1.641	1.042	0.285714	0.520513	0.4483942	0	0.8125	0.464171	0	0.520042	0.397535	0.285714	0.37234	0.329027	0	0.405405	0.2027025	0	0.466667	0.2333335	+	12	EarlyNEstUpLateN	LightBlue	0.5084	0.00035	0.01675
Ccl11	3.9132	4.3621	4.5479	0	0	0	0	0	0	0	0	0	0	0	0	0	0	0	0	0	0	+	18	AllVUp	Pink	0.00005	0.00005	0.00005
Cd55	1.4969	1.9181	1.8734	0.25	0.346154	0.298077	0	0.4	0.2	0.594595	0.769231	0.681913	0.25	0.266667	0.2583335	0	0.565217	0.2826085	0.651163	0.769231	0.710197	-	15	AllMildUp	SeaBlue	0.00005	0.00005	0.00005
Serpinb2	1.3636	2.1969	2.3623	0.497065	0.497065	0.497065	0.505076	0.505076	0.505076	0.493007	0.493007	0.493007	0	0	0	0	0	0	0	0	0	+	15	AllMildUp	SeaBlue	0.0414	0.0003	0.00205
Kbtbd11	-0.0922	0.2484	2.3181	0.5	0.643192	0.5592931667	0.322034	0.488318	0.4266243333	0.3	0.590909	0.495786	0.6	0.6	0.6	0.322034	0.322034	0.322034	0.590909	0.590909	0.590909	+	10	EarlyNEstNLateUp	Petrol	0.82155	0.32245	0.00005
Adora2b	2.1359	1.9069	2.7821	0.510253	0.882353	0.696303	0.419776	0.555556	0.487666	0.556985	0.578947	0.567966	0.736842	0.882353	0.8095975	0.417808	0.555556	0.486682	0.578947	0.6125	0.5957235	+	16	AllVUp	DarkPurple	0.00015	0.00005	0.00005
Ddx4	-1.2483	-0.5919	-1.6264	0.421632	0.476082	0.448857	0.439474	0.512179	0.4758265	0.450233	0.497041	0.473637	0.421632	0.478261	0.4499465	0.462712	0.512179	0.4874455	0.441265	0.450233	0.445749	-	6	AllLow	VeryLightGreen	0.01015	0.25395	0.0004
Gas7	0.7809	1.1373	2.4986	0	0	0	0	0	0	0	0	0	0	0	0	0	0	0	0	0	0	+	10	EarlyNEstNLateUp	Petrol	0.00235	0.00005	0.00005
Hcn1	2.2679	2.4515	2.6763	0.047619	0.607143	0.327381	0.21875	1	0.609375	0.4375	0.521739	0.4796195	0.047619	0.625	0.3363095	0.266667	1	0.6333335	0.395833	0.4375	0.4166665	+	16	AllVUp	DarkPurple	0.00005	0.0001	0.00005
Clec7a	1.1197	2.076	1.9467	0	0	0	0	0	0	0	0	0	0	0	0	0	0	0	0	0	0	-	15	AllMildUp	SeaBlue	1	0.0008	1
AF251705	0.043	1.6897	1.5849	0	0	0	0	0	0	0	0	0	0	0	0	0	0	0	0	0	0	-	12	EarlyNEstUpLateN	LightBlue	1	0.00005	0.17845
Mpz	1.502	2.6837	1.8226	0.545455	0.545455	0.545455	0.571429	0.571429	0.571429	0.590909	0.590909	0.590909	0.545455	1	0.74466	0.285714	0.571429	0.4419643333	0.568182	0.666667	0.608586	+	16	AllVUp	DarkPurple	0.0049	0.00005	0.0004
Arhgap30	0.2063	1.092	1.576	0.553846	0.553846	0.553846	0.444444	0.444444	0.444444	0.415094	0.415094	0.415094	0	0	0	0	0	0	0	0	0	+	10	EarlyNEstNLateUp	Petrol	1	0.0008	0.0016
Tlr2	1.1778	1.0733	1.6898	0.557377	0.833333	0.695355	0	0.485294	0.242647	0	0.584158	0.292079	0.546667	0.833333	0.69	0	0.289855	0.1449275	0	0.465517	0.2327585	-	15	AllMildUp	SeaBlue	0.00005	0.00005	0.00005
Rbm47	0.9614	1.5814	1.6602	0.467473	0.491582	0.4758626667	0.456522	0.509754	0.4862813333	0.469132	0.542077	0.5054546667	0	0	0	0	0	0	0	0	0	-	15	AllMildUp	SeaBlue	0.0395	0.00005	0.0002
Gm11128	-2.2282	-2.4212	-2.0431	0	0	0	0	0	0	0	0	0	0	0	0	0	0	0	0	0	0	-	4	AllVLow	Yellow	0.15985	0.0042	0.0011
Ptprz1	1.7475	2.233	1.1513	0.578947	0.6	0.5894735	0.636364	0.636364	0.636364	0.333333	1	0.6666665	0.564767	0.6	0.5823835	0.483871	0.636364	0.5601175	0.629139	1	0.8145695	+	12	EarlyNEstUpLateN	LightBlue	0.0005	0.00005	0.00955
1500015O10Rik	-1.6651	-0.9927	-0.7385	0	0	0	0	0	0	0	0	0	0	0	0	0	0	0	0	0	0	+	6	AllLow	VeryLightGreen	0.00005	0.00005	0.00005
Ankrd33b	1.4209	2.6657	1.9484	0.451613	0.495726	0.4736695	0.378378	0.521739	0.4500585	0.537037	0.631579	0.584308	0.451613	0.628931	0.540272	0.382979	0.521739	0.452359	0.631579	0.636364	0.6339715	-	16	AllVUp	DarkPurple	0.0474	0.00005	1
Phyhip	-0.0253	-2.4437	-0.4355	0	0	0	0	0	0	0	0	0	0	0	0	0	0	0	0	0	0	+	8	EarlyLowEstVLowLateLow	LightGreenUp	1	0.00025	1
Coro2a	0.0539	0.361	1.9866	0.52983	0.590909	0.5528546667	0.318182	0.42885	0.3792376667	0.527828	0.703704	0.6199123333	0.488	0.590909	0.5394545	0.318182	0.492754	0.405468	0.382353	0.703704	0.5430285	-	10	EarlyNEstNLateUp	Petrol	1	0.3599	0.0002
Thsd4	-0.1625	-1.0275	1.6394	0.412896	0.455266	0.4376633333	0.489115	0.526518	0.5086773333	0.403571	0.446746	0.4298776667	0	0	0	0	0	0	0	0	0	-	10	EarlyNEstNLateUp	Petrol	0.67005	0.00245	0.00005
Vipr2	-1.7631	0.7023	-0.7066	0.465517	0.5	0.4827585	0.26087	0.43617	0.34852	0.384615	0.461538	0.4230765	0.459459	0.5	0.4797295	0.26087	0.470588	0.365729	0.384615	0.658824	0.5217195	+	7	EarlyLowEstNLateLow	LightGreen	0.0001	0.0801	0.0818
Dusp6	0.7364	1.8452	0.4624	0.45935	0.509434	0.484392	0.413793	0.486943	0.450368	0.469388	0.47601	0.472699	0.508634	0.509434	0.509034	0.333333	0.413793	0.373563	0.469388	0.598916	0.534152	+	12	EarlyNEstUpLateN	LightBlue	0.00225	0.00005	0.0231
Chl1	-0.9048	-1.6307	3.7237	0.4	0.636364	0.4764473333	0.25	0.596939	0.5002238889	0.469484	0.716667	0.5358783333	0.461538	0.461538	0.461538	0.5625	0.5625	0.5625	0.5	0.5	0.5	+	9	EarlyLEstLLateVeryUp	Turquoise	0.0011	0.00005	0.00005
Car2	0.2109	0.5333	2.1838	0.5	0.512727	0.5063635	0.315789	0.448763	0.382276	0.595166	0.684211	0.6396885	0.407407	0.5	0.4537035	0.315789	0.5	0.4078945	0.588235	0.684211	0.636223	+	10	EarlyNEstNLateUp	Petrol	0.6217	0.14895	0.00075
Wt1	-1.2426	-2.5416	1.2039	0.418605	0.672414	0.531564375	0.266667	0.666667	0.48350625	0.166667	0.526316	0.377799625	0.555556	0.672414	0.6279026667	0.266667	0.5	0.3953406667	0.166667	0.396226	0.2542976667	+	8	EarlyLowEstVLowLateLow	LightGreenUp	1	0.00005	0.0505
Cdh5	-0.2578	-2.5114	2.2666	0.452171	0.500891	0.4786306667	0.463062	0.553411	0.5090986667	0.42625	0.525049	0.459758	0	0	0	0	0	0	0	0	0	+	9	EarlyLEstLLateVeryUp	Turquoise	1	0.00005	1
Oas2	2.8503	2.1503	1.9126	0	0	0	0	0	0	0	0	0	0	0	0	0	0	0	0	0	0	-	16	AllVUp	DarkPurple	0.0002	0.0002	0.0008
Apol9b	0.9573	2.1209	0.6524	0	0	0	0	0	0	0	0	0	0	0	0	0	0	0	0	0	0	+	12	EarlyNEstUpLateN	LightBlue	0.01645	0.00005	0.037
Kazald1	-1.6236	-1.1137	-1.3767	0.522727	1	0.6348398	0.133333	0.47619	0.36525	0.333333	0.576613	0.4801556	0.424242	0.769231	0.56655	0.346939	0.727273	0.48987325	0.387097	0.6	0.4823685	+	6	AllLow	VeryLightGreen	0.0003	0.0054	0.00005
Dusp5	0.4041	1.8855	0.0159	0.428571	0.536585	0.4941146	0.238095	0.488095	0.411144	0.333333	0.615385	0.520604	0.428571	0.520408	0.4698843333	0.238095	0.410596	0.3452626667	0.333333	0.485876	0.430373	+	12	EarlyNEstUpLateN	LightBlue	0.1992	0.00005	0.9497
Fcgr2b	0.524	1.9558	2.653	0	0	0	0	0	0	0	0	0	0	0	0	0	0	0	0	0	0	-	15	AllMildUp	SeaBlue	0.33095	0.00005	0.0002
Fpr1	0.4909	3.0755	1.1244	0	0	0	0	0	0	0	0	0	0	0	0	0	0	0	0	0	0	-	12	EarlyNEstUpLateN	LightBlue	1	0.0001	0.09745
Irf7	1.0706	1.79	0.8064	0	0	0	0	0	0	0	0	0	0	0	0	0	0	0	0	0	0	-	12	EarlyNEstUpLateN	LightBlue	0.0005	0.00005	0.00035
Shank1	-1.8223	-1.9157	-0.9651	0.318182	0.7	0.4920292	0.230769	0.6875	0.4420693333	0.2	0.640449	0.4353296667	0.318182	0.58	0.473601	0.285714	0.612245	0.4413173333	0.373134	0.571429	0.4720473333	+	4	AllVLow	Yellow	0.00005	0.00005	0.0003
Ccl5	3.8317	2.4322	3.6488	0	0	0	0	0	0	0	0	0	0	0	0	0	0	0	0	0	0	-	18	AllVUp	Pink	0.00005	0.00005	0.00005
Cdhr1	1.379	1.9141	2.5328	0	0	0	0	0	0	0	0	0	0	0	0	0	0	0	0	0	0	-	15	AllMildUp	SeaBlue	0.00015	0.00005	0.00005
Bdkrb1	-0.2227	-0.1012	1.723	0	0	0	0	0	0	0	0	0	0	0	0	0	0	0	0	0	0	+	10	EarlyNEstNLateUp	Petrol	0.62805	0.7734	0.00025
Tmem35	1.2258	1.5539	1.5519	0	0	0	0	0	0	0	0	0	0	0	0	0	0	0	0	0	0	+	15	AllMildUp	SeaBlue	0.00165	0.0006	0.00005
Pdgfb	0.9736	0.477	1.7704	0.465679	0.58209	0.5205483333	0.382979	0.454697	0.4148408333	0.388889	0.57485	0.4985983333	0.481481	0.481481	0.481481	0.421053	0.421053	0.421053	0.55814	0.55814	0.55814	-	15	AllMildUp	SeaBlue	0.0024	0.0712	0.00005
Gpr88	-1.7743	-2.679	-0.8099	0.310345	0.555831	0.455392	0.327586	0.705882	0.495381	0.217391	0.623016	0.4277546667	0.5	0.5	0.5	0.327586	0.327586	0.327586	0.442857	0.442857	0.442857	-	3	EarlyVLowEstVLowLateLow	Orange	0.00005	0.00005	0.0009
H2-K1	1.966	0.5396	2.6308	0.56	0.68	0.62	0.37037	0.462687	0.4165285	0.554054	0.557692	0.555873	0.56	0.625	0.5925	0.258065	0.462687	0.360376	0.542857	0.554054	0.5484555	-	15	AllMildUp	SeaBlue	0.00005	0.0058	0.00005
Igfbp3	0.6093	1.521	1.7094	0.457143	0.5	0.4785715	0.411765	0.454545	0.433155	0.603774	0.636364	0.620069	0.5	0.702703	0.6013515	0.411765	0.545455	0.47861	0.457143	0.636364	0.5467535	-	12	EarlyNEstUpLateN	LightBlue	0.0064	0.00005	0.00005
Gm13889	-1.7869	-1.4784	-1.5142	0.266667	0.47973	0.3731985	0.389744	0.555556	0.47265	0.517241	0.538813	0.528027	0.266667	0.602151	0.434409	0.454545	0.555556	0.5050505	0.338983	0.517241	0.428112	-	4	AllVLow	Yellow	0.00285	0.0037	0.00015
Fbxo2	-1.2633	-1.9264	-0.5808	0.166667	0.846154	0.5067774	0.266667	0.467949	0.4038788	0.235294	0.8	0.5409948	0.166667	0.477124	0.3218955	0.266667	0.354949	0.310808	0.235294	0.614286	0.42479	+	8	EarlyLowEstVLowLateLow	LightGreenUp	0.02305	0.00195	0.0993
Pde9a	-0.524	-1.4517	1.7963	0.465909	0.571429	0.518669	0.473684	0.578125	0.5259045	0.333333	0.573529	0.453431	0.506024	0.571429	0.5387265	0.473684	0.564417	0.5190505	0.333333	0.465686	0.3995095	+	8	EarlyLowEstVLowLateLow	LightGreenUp	0.29015	0.00295	0.0006
Gzmb	-2.8288	-2.0715	-2.8467	0	0	0	0	0	0	0	0	0	0	0	0	0	0	0	0	0	0	-	4	AllVLow	Yellow	0.00005	0.00005	0.00005
Ccl2	2.4743	1.8988	3.0899	0	0	0	0	0	0	0	0	0	0	0	0	0	0	0	0	0	0	+	16	AllVUp	DarkPurple	0.00005	0.00005	0.00005
0610040J01Rik	-0.6325	-2.0616	-0.6077	0	0.397924	0.198962	0.490476	0.777778	0.634127	0.524887	0.571429	0.548158	0	0.431373	0.2156865	0.38	0.777778	0.578889	0.459459	0.571429	0.515444	+	8	EarlyLowEstVLowLateLow	LightGreenUp	0.2469	0.00005	0.18975

